Date,Rank,Comment,Press,URL,Title,Main Article
20210116,1,"5,833",조선일보,https://news.v.daum.net/v/20210116111750159,"""왜 저렇게까지"" 검사들이 한탄했다, 사면초가 이성윤의 취임1년"," 
         
          
           
           
            이성윤 서울중앙지검장이 지난 13일 취임 1년을 맞았다. 사진은 2019년 9월 당시 법무부 검찰국장이던 이 지검장이 국회 의원회관에서 열린 더불어민주당 사법개혁 및 법무개혁 당정협의에 들어서고 있는 모습/연합뉴스
           
          
          전국 최대 검찰청인 서울중앙지검의 수장으로 이성윤(59) 지검장이 취임한 지 지난 13일로 1년이 됐다. 작년 1월 추미애 법무장관이 취임하자마자 청와대의 울산시장 선거개입 사건 수사팀 등 정권 수사 검사들을 좌천시키는 ‘대학살’ 인사를 할 때 당시 법무부 검찰국장이었던 이 지검장은 서울중앙지검장에 임명됐다.
          이 지검장은 문재인 대통령의 경희대 법대 후배다. 이 지검장은 문재인 정권 들어 2018년 과거 대검 중수부장 자리인 대검 반부패부장을 시작으로 2019년 검찰 예산과 인사를 총괄하는 법무부 검찰국장, 2020년 전국 최대 검찰청인 서울중앙지검장까지 검찰 요직 ‘빅4’중 과거 공안부장에 해당하는 대검 공공수사부장을 제외한 3자리를 연달아 맡는 초고속 출세 가도를 달렸다. 검찰 안팎에서 “차기 검찰총장은 이성윤”이라는 말이 기정사실처럼 받아들여졌다.
          하지만 중앙지검장 취임 1년을 맞은 현재 이 지검장은 ‘사면초가’ 신세다. 지난 1년 정권 입맛에 맞춰 각종 사건을 뭉개고 무리한 수사를 벌인다는 의혹으로 대표적인 ‘친정권’ 검사로 자리매김했다. 올초 검찰 조직을 향한 별다른 신년사도 없었다. 후배들의 원성도 샀다. 작년 말 윤석열 검찰총장에 대한 추 장관의 징계에 반대하며 전국 99% 검사들이 들고 일어났을 때, 지근거리 참모인 중앙지검 차장들조차 이 지검장에게 ‘용퇴(勇退)’를 요구했다. 그는 언론 접촉도 피하고 있다.
          당장 이 지검장은 작년 내내 법조계를 떠들썩하게 했던 ‘채널A 사건’ 관련 한동훈 검사장을 무혐의 처리해야 한다는 수사팀 보고서에 결재를 피하고 있다는 지적까지 받고 있다. 애초 ‘검언유착’의 상대방이라는 한 검사장을 무혐의 처리하면 이 사건을 토대로 총장 지휘권을 발동하고 무리한 징계까지 밀어붙인 추 장관 및 여권의 그간 주장이 모두 허위인 셈이 된다.
          
           
           
            이성윤 서울중앙지검장이 작년 10월 국회 법제사법위원회 국정감사에 출석해 답변하고 있다./국회사진기자단
           
          
          이 지검장과 근무연이 겹치는 다수 후배 검사들은 “이 지검장이 원래 저 정도는 아니었는데 왜 이렇게까지 하는지 모르겠다”는 말을 하고 있다. 이들은 출세만을 목적으로 하는 이 지검장 후배 기수의 몇몇 ‘추미애 라인’ 검사들과 이 지검장은 “약간 결이 다른 것 같다”는 말도 한다.
          그와 함께 근무했던 한 검찰 간부는 “이 지검장이 차기 검찰총장을 하기 위해서 그러는 것은 아닐 것이라고 본다”며 “이 지검장은 처음부터 소위 ‘잘 나가는 검사’라고 볼 수는 없었다. 이미 본인이 할 수 있는 자리는 다 했다고 생각할 수도 있다”고 했다.
          차기 검찰총장을 목표로 한다면 정치적으로 민감한 사안이나 구설에 오를만한 사건에서 한 발 물러나 처신을 주의하는 게 보통인데 이 지검장처럼 전면에 나서 온갖 상처를 온몸으로 받아내는 경우는 통상적인 ‘차기 검찰총장 공식’과는 맞지 않는다는 것이다. 작년 7 월 이 지검장 지휘를 받은 정진웅 당시 서울중앙지검 형사1부장이 채널A사건 관련 한 검사장을 ‘육탄 압수수색’하고 입원 사진까지 공개하며 온라인에서 조롱까지 받자, 당시 민주당 내부에서는 “이 지검장이 상처가 너무 많이 났다”는 반응이 나왔다.
          후배들은 이 지검장을 ‘총장주의자’로 기억했다. 실제 전임 문무일 검찰총장 당시 대검 형사부장을 맡았던 이 지검장은 문 총장과 그 전까지 가까운 사이가 아니었음에도 불구하고 문 총장을 깍듯이 보좌한 것으로 알려졌다. 결국 이 지검장은 문 총장 취임 2년 째인 2018년 전국 특수사건을 총괄하는 대검 반부패부장이 됐다.
          
           
           
            윤석열 검찰총장과 이성윤 서울중앙지검장. 두 사람은 사법연수원 23기 동기다. 나이는 윤 총장이 한 살 많다./조선DB
           
          
          당시 이 지검장을 비롯해 법무부 검찰국장을 맡은 윤대진 현 사법연수원 부원장, 대검 과학수사부장을 맡은 조남관 현 대검 차장까지 세 사람이 모두 노무현 정부 청와대 민정수석실에서 특감반장을 맡은 경력이 있었다. 이 때문에 이 지검장 역시 노무현 정부 특감반장 경력으로 반부패부장이 됐다는 분석도 나왔지만, 정작 문 총장은 그러한 사실을 잘 알지 못했던 것으로 전해졌다. 한 검찰 간부는 “그만큼 이 지검장이 검찰 조직을 앞세워 검찰총장에게 충성하는 ‘총장주의자’의 면모를 문 총장에게 보여준 것 아니겠느냐”고 했다.
          하지만 2019년 이 지검장과 사법연수원 23기 동기인 윤석열 검찰총장이 취임하면서, 이 지검장에 대한 ‘총장주의자’의 평가도 달라졌다. 이 지검장은 정권에 맞서 수사를 벌여온 윤 총장과 사사건건 부딪혔다. 대부분 무혐의로 끝난 윤 총장 처가 의혹이나 나경원 전 국민의힘 의원 관련 사건을 무리하게 밀어붙였다는 비판을 받았다. 채널A 사건은 추 장관이 윤 총장 지휘권을 박탈하면서 이 지검장 책임하에 수사가 이뤄졌지만 사실상 ‘용두사미’로 끝났다. 김학의 전 법무차관 불법 출국금지 의혹에도 이 지검장은 뒷수습을 위해 개입했다는 의혹을 받고 있다.
          이에 대해 이 지검장을 아는 검찰 관계자들은 “결국 지금 본인이 하는 일이 ‘VIP(문 대통령)’를 위하는 길이라는 굳건한 신념 같은 것이 있는 것 같다. 그게 아니라면 솔직히 이 지검장의 무리한 행태를 이해할 방법이 없다”고 했다. 이 지검장은 독실한 기독교인으로 알려져 있다. 법조계 관계자는 “검사가 국민을 위해 봉사하지 않고 정권과 권력자만 바라볼 때 벌어질 수 있는 각종 폐해를 이 지검장이 지난 한 해 보여줬다”고 했다.
          박범계 법무장관 후보자에 대한 국회 인사청문회는 오는 25일 열린다. 청와대는 야당 반대와 상관 없이 박 후보자를 임명할 방침이다. 박 후보자는 취임 후 곧바로 검찰 고위 간부 인사를 실시한다. ‘차기 검찰총장’ 하마평까지 나왔던 이 지검장에 대한 인사에 검찰 안팎 관심이 모아지고 있다.
          
        "
20210116,2,"5,664",연합뉴스,https://news.v.daum.net/v/20210116105550819,"경기도, 전도민에 10만원씩 설전 지급..이재명 18일 공식발표"," 
         
          (수원=연합뉴스) 김경태 기자 = 경기도가 전 도민에게 2차 재난기본소득을 지급하기로 결정했다.
          경기도 관계자는 16일 ""경기도의회 제안을 수용해 2차 재난기본소득을 지급하기로 했다""며 ""구체적인 내용은 18일께 이재명 지사가 발표할 예정""이라고 밝혔다.
          
           
           
            이재명 경기지사 [연합뉴스 자료사진. 재판매 및 DB 금지]
           
          
          도는 2차 재난기본소득 지급계획이 포함된 추가경정예산안을 다음 주중 도의회에 제출할 계획이다.
          앞서 도가 도의회에 보고한 검토안을 보면 1차 때와 같이 도민 1인당 10만원씩 지급할 것으로 예상된다.
          이번 2차 지급에는 1차 때는 제외된 외국인(등록외국인·거소신고자 58만명)도 포함될 것으로 보인다.
          이는 인권단체의 요청과 국민권익위원회의 권고를 수용한 것이다.
          지급 시기는 방역 상황과 소비 진작 효과를 고려, 설 명절 전인 2월 초로 검토 중이나 확진자 추이와 당정 조율, 도의회 의결 일정 등에 따라 조정될 가능성도 있다. 
          지급 방식은 지역화폐 카드와 함께 신용카드 포인트 지급도 검토 중이다.
          약 1조4천억원(부대비용 포함)의 재원은 지방채 발행 없이 지역개발기금, 통합재정안정화 기금 등 경기도가 운용하는 기금만으로도 충당할 계획이다.
          경기도 재난기본소득과 별도로, 지역화폐로 자체적인 재난기본소득을 지급하는 시군에 대해서는 1차 때처럼 특별조정교부금(특조금)도 지원하는 것도 검토하고 있다.
          이미 지난해 9월과 11월 2차 지급한 연천군과 동두천시에 특조금을 지원한 바 있다.
          그동안 이 지사는 재난지원금 보편지급 필요성을 주장하며 전 국민 대상 추가 지원을 요구해 왔다.
          지난 5일 여야 국회의원과 기획재정부 장관에게 서한을 보내 ""구조적 저성장과 코로나19 위기 극복, 양극화 완화, 경제 활성화를 위해 과감한 확장재정정책이 필요하다""며 전 국민에게 재난지원금을 지역화폐로 지급할 것을 촉구했다.
          이후 경기도의회가 지난 11일 ""코로나19로 고통 겪는 도민을 위로하고 소비심리 회복을 통한 지역경제 활성화를 위해 방역활동에 지장을 주지 않는 것을 전제로 2차 경기도 재난기본소득을 지급해달라""고 제안하자 이 지사는 ""지급 여부와 규모, 대상, 시기 등에 대해 도민과 공동체의 입장에서 숙고하겠다""고 밝혔다.
          이 지사는 지난 14일 재난지원금 보편지급이 방역망에 혼선을 줄 수 있다며 더불어민주당 김종민 최고위원이 비판한 것을 두고는 ""보편적인 지원을 하면 그 돈을 쓰러 철부지처럼 몰려다니리라 생각하는 자체가 국민 의식 수준을 너무 무시하는 것""이라고 반박했다.
          이어 15일에는 ""지금 울산광역시나 전남 순천이나 부산시 각 구 등 여러 지자체도 보편 지원하고 있다""며 ""경기도만 가지고 문제 삼는 것도 이상하다""고 지적했다.
          ktkim@yna.co.kr
          
           
          
          
        "
20210116,3,"4,223",연합뉴스,https://news.v.daum.net/v/20210116131307244,노르웨이서 백신 접종 후 사망자 속출..화이자 맞은 23명," 
         
          
           
           
            노르웨이 코로나 백신 접종 [AFP=연합뉴스 자료사진]
           
          
          (서울=연합뉴스) 신유리 기자 = 노르웨이에서 신종 코로나바이러스 감염증(코로나19) 백신 접종자 중 23명이 숨졌다고 블룸버그 통신 등이 15일(현지시간) 보도했다.
          노르웨이 보건 당국은 백신과 관련한 사망자가 14일 현재까지 23명 보고됐다고 밝혔다.
          이들은 미 제약사 화이자의 코로나19 백신을 맞은 뒤 얼마 지나지 않아 숨졌으며, 대부분이 요양원에 입원한 80세 이상 고령자로 알려졌다.
          당국은 정확한 사망 원인을 조사하고 있다.
          당국은 그러면서 ""백신 접종의 경미한 부작용이 취약층에게는 치명적 결과로 이어질 수 있다""면서 고령층과 말기 환자는 백신이 지나치게 위험할 수 있다며 접종 자제를 권고했다.
          AP통신 등에 따르면 노르웨이의약청이 화이자의 코로나19 백신을 맞은 29명이 부작용을 겪었고, 접종 뒤 발생한 사망자 23명 중 13명은 부검 결과 백신 접종과 연관됐을 가능성이 있는 것으로 파악했다고 보도했다. 
          노르웨이의약청은 ""백신의 부작용은 열과 메스꺼움이었고, 이 부작용이 노환이 있는 일부 환자의 죽음으로 이어졌을 수 있다""라고 설명했다.
          노르웨이 보건당국은 건강하고 젊은 연령층에는 접종 자제를 권고하지 않았다.
          화이자는 이메일 성명을 통해 노르웨이 당국의 사망 원인 조사에 협력 중이며, ""현재로서는 사안 발생 수가 경고할만한 수준은 아니다""라고 밝혔다.
          노르웨이에서는 지난달 화이자 백신, 이달 모더나 백신을 각각 승인했으며, 지금까지 3만3천명 정도에 접종했다.
          프랑스에서는 14일 요양원 거주자 한 명이 백신 접종 두 시간 만에 숨졌다. 다만 당국은 백신 접종과 연관성은 나오지 않았다고 밝혔다. 
          미국에서는 백신 접종에 따른 알레르기 반응이 지난달 14∼23일 21건 보고됐다. 이는 100만회 접종당 11.1건에 해당하는 비율이다.
          newglass@yna.co.kr
          
           
          
          
        "
20210116,4,"4,017",JTBC,https://news.v.daum.net/v/20210116195011121,목사의 엽기행각 20년..강제 결혼에 출산 지시까지," 
         
          
           
            
             
            
           
          
          
           
           [앵커]
          
          JTBC가 추적 고발한 성범죄 혐의를 받는 안산의 한 목사가 이틀전 구속됐습니다. 경찰은 이 목사의 여러 엽기적인 행각에 대해 수사를 확대하고 있습니다. 한달 넘게 보도가 이어지면서, 그동안 숨죽이고 있던 피해자들도 조금씩 폭로에 나서고 있습니다.
          봉지욱 기자입니다.
          [기자]
          경찰이 그제(14일) 경기도 안산의 A목사를 구속했습니다.
          아이들의 성과 노동을 20년 가까이 착취한 혐의입니다.
          [애들 성폭행하신 거, 혐의 인정하십니까? 목사님, 말씀 좀 해주세요.]
          피해자들 주장에 따르면, 성착취는 7~8세 때부터 시작됐습니다.
          아이들 몸에서 음란 마귀를 빼준다며 강제 추행하고, 촬영까지 했단 겁니다.
          [피해자 : 목사님 옆에서 음란죄 상담하는데, 저보고 ○○ 만지라 그러고, 밑에 손 넣으라고 하고. 한 번, 두 번이 아니라 수십, 수백 번을 반복하니까.]
          JTBC가 한 달간 추적보도하며, 피해자는 12명까지 늘어났습니다.
          황당한 증언이 추가로 나왔습니다.
          목사가 자신의 치아를 스스로 뽑게 했단 겁니다.
          [피해자 : 목사님 자체가 그 이빨 뽑은 게 너무 예쁘다는 거예요. 넌 최고로 예뻐. 그래서 저는 총 앞 이빨 4개를 다 뽑았죠.]
          이렇게 충성을 증명한 날, 특별훈장을 받았습니다.
          한 여성 신도는 목사가 지목한 남성 신도와 결혼했는데, 출산까지 지시 받았다고 말합니다.
          [피해자 : (목사가 남자를) 골라라 이랬죠. 세 명 이렇게 있다. 누구랑 (결혼)할래? 제가 끝까지 대답 안 하니까 목사가 그럼 너 ○○지? ○○랑 할 거지?]
          신도를 포섭한 곳은 흔히 보는 '학원'이었습니다.
          실제로 안산 곳곳에 목사의 학원과 공부방이 존재했습니다.
          [학원 관계자 : 특히 상처 받은 애들이 많이 와요. (그래요?) 왠지 모르겠는데. 그런 애들이 많이 와서, 저희가 보살펴줘요.]
          목사 측은 이렇게 아픈 아이들을 돌봐준 것뿐이라고 해명하고 있습니다.
          '이규연의 스포트라이트'가 석 달간 추적한 A 목사 일가의 20년 엽기 행각은 잠시 후, 방송됩니다.
          (제작PD : 김재훈, 영상그래픽 : 임재범)
          
        "
20210116,5,"3,579",뉴스1,https://news.v.daum.net/v/20210116124703053,"나경원 ""헬스장, 오후 9시 영업시간 연장해야 합당"""," 
         
          
           
           
            서울시장 출마를 선언한 국민의힘 나경원 전 의원이 15일 마포구 신수동에 있는 아동보호전문기관을 찾아 아동학대 대응체계 현황 및 개선방안에 대해 간담회를 갖고 있다. 2021.1.15/뉴스1 © News1 국회사진취재단
           
          
          (서울=뉴스1) 김일창 기자 = 서울시장 보궐선거에 출마를 선언한 나경원 전 국민의힘 의원은 16일 정부가 '면적 당 수용인원으로 제한'한 조치를 환영하면서도 영업시간 제한이 현실을 반영하지 못한 점에 대해서는 아쉬움을 나타냈다.
          나 전 의원은 이날 자신의 페이스북에 ""헬스장의 경우 면적당 수용 인원을 적용한다면 오히려 그 취지에 맞게 영업시간을 더 넓게 허용해 고객을 분산시켜야 하는 것이 합당하다""며 이렇게 적었다.
          그는 ""직장인의 경우 퇴근 후 식사를 마치면 모두가 오후 9시 안에 헬스장을 이용하기 어렵다""며 ""오후 8시~9시 사이에 사람이 몰릴 우려가 있고, 인원 제한으로 오히려 헬스장 운영자와 고객 모두의 불편만 가중될 수 있다""고 우려했다.
          그러면서 ""실제 대형마트를 가보면 퇴근한 젊은 부부들이 오후 9시 문을 닫기 전에 대거 몰리는 모습을 볼 수 있다""며 ""영업시간 제한이 오히려 밀도를 높여, 거리두기의 취지에 반하는 것이라고 볼 수 있다""고 지적했다.
          이어 ""물론 여기는 오후 9시, 저기는 오후 10시 이렇게 차등적인 규제를 적용하는 것에 따른 진통과 불만도 배제할 수 없을 것""이라며 ""그럼에도 저는 '거리두기'의 본질에 조금 더 집중하는 것이 결국 방역수칙의 목표를 달성하는 가장 효과적인 방안이라고 본다""고 강조했다.
          나 전 의원은 이날 정부가 발표한 거리두기와 방역수칙 조정 방안에 대해 환영의 뜻을 나타냈다.
          그는 ""정부가 헬스장, 노래방, 학원 등은 '8제곱미터당 1명'으로 인원을 제한하는 조건으로 오후 9시까지 운영을 허용하기로 했다""며 ""제가 주장했던 것들이 대거 반영됐는데 그래서 채택된 것이라기보다는 정부가 실제 현장의 목소리와 요구가 그렇기에 늦게나마 합리적인 안을 내놓은 것으로 보인다""고 밝혔다.
          ickim@news1.kr 
          
        "
20210116,6,"3,324",세계일보,https://news.v.daum.net/v/20210116070150499,"원희룡 ""임종석 주장 충격.. 대한민국을 어디까지 망가뜨릴지 걱정스럽다"""," 
         
          
           
           
            원희룡 제주지사. 제주도 제공
           
          
          
             
            원희룡 제주지사는 지난 15일 임종석 전 대통령 비서실장이 탈원전 정책 수립과정 관련 감사에 착수한 최재형 감사원장을 비판한 것에 대해 “충격적”이라며 “정당한 임무를 수행하고 있는 공직자들에 대한 공격을 중단하라”고 촉구했다.
          
          앞서 임 전 실장은 지난 14일 감사원이 이른바 ‘탈원전 정책 수립과정’ 관련 감사 관련, “윤석열 검찰총장에 이어 이번에는 최재형 감사원장이 도를 넘어서고 있다”고 비판했다.
          이어 임 전 실장은 “감사원이 지난 11일부터 문재인 정부 에너지 정책 수립 과정의 적법성 여부에 대한 감사를 시작했다고 한다. 사실상 정부의 에너지 전환 정책이 적절한지 감사원이 판단해주겠다는 것”이라고 했다. 그는 “정부의 기본정책 방향을 문제 삼고 바로잡아주겠다는 권력기관장들의 일탈을 어떻게 이해해야할까”라며 “지금 최 원장은 명백히 정치를 하고 있다”고 했다.
          이어 임 전 실장은 “권력의 눈치를 살피지말고 소신껏 일하라고 임기를 보장해주니, 임기를 방패로 과감하게 정치를 한다”며 “전광훈, 윤석열, 그리고 이제는 최재형에게서 같은 냄새가 난다”고 비난했다. 그러면서 “집을 잘 지키라고 했더니 아예 안방을 차지하려 든다. 주인의식을 가지고 일하라 했더니 주인행세를 한다”면서 “차라리 전광훈처럼 광화문 태극기 집회에 참여하는 게 솔직한 태도가 아닐까”라고 했다.
          
           
           
            임종석 전 대통령 비서실장. 뉴시스
           
          
          
             
            이에 원 지사는 자신의 페이스북을 통해 “주인행세 운운하며 감사원장을 옥죄고 나섰다. 뭘 감추려 하는 건지 모르겠지만 윤석열 검찰총장에 이어 최재형 감사원장이란 좌표를 찍은 것”이라고 지적했다.
          
          이어 “감사원장의 임기와 책무, 그리고 공무원에 대한 감사원의 감사는 헌법과 법률에 의해 보장된 것”이라며 “대체 안방이 무엇이고, 주인행세는 무엇인가”라고 물었다.
          그러면서 “감사원장을 비롯한 모든 공직자는 국민을 위해 일하는 것이다. 정권을 보위하고 지키기 위해 존재하는 것이 아니다”라며 “국가와 공무는 전리품이 아니다. 선출직은 무한 책임을 지는 존재이지 무한 면책을 누리는 존재가 아니다”라고 강조했다.
          원 지사는 “대통령 주변의 일그러지고 삐뚤어진 민주주의가 대한민국을 어디까지 망가뜨릴지 걱정스럽다”고 덧붙였다.
          김경호 기자 stillcut@segye.com
          
        "
20210116,7,"3,128",연합뉴스,https://news.v.daum.net/v/20210116092501863,"""한국 군사력 세계 6위..북한은 25위→28위로 떨어져"""," 
         
          (서울=연합뉴스) 권영전 기자 = 한국의 군사력이 세계에서 6번째로 강하다는 보고서가 나왔다.
          
           
           
            [그래픽] 세계에서 군사력이 가장 강한 나라는 (서울=연합뉴스) 반종빈 기자 = bjbin@yna.co.kr 페이스북 tuney.kr/LeYN1 트위터 @yonhap_graphics https://www.statista.com/chartoftheday/
           
          
          16일 미국의 군사력 평가기관인 글로벌파이어파워(GFP)의 보고서에 따르면 한국은 군사력 평가지수 0.1621을 받아 지난해와 같은 세계 138개국 중 6위에 올랐다.
          북한은 평가지수 0.4684로 28위를 기록해 지난해 25위에서 세 계단 내려섰다. 다만, 병력 규모와 탱크·로켓 발사기·자주포·잠수함·호위함·초계함·전투기 보유 대수에서 높은 평가를 받았다.
          GFP는 인구와 병력, 무기, 국방예산 등 48개 항목을 종합해 군사력 지수를 산출한다. 지수가 0에 가까울수록 군사력이 강하다는 뜻이다.
          세계에서 군사력이 가장 강한 나라로는 미국이 꼽혔고, 이어 러시아·중국·인도·일본 순이었다.
          한편 GFP가 집계한 국가별 국방비 지출 규모에서 한국은 480억 달러로 작년보다 한 계단 높은 8위를 기록했고, 북한은 35억 달러로 59위를 차지해 작년 74위에서 15계단 뛰어올랐다.
          국방비 지출이 가장 많은 나라는 미국이었다. 미국의 국방비는 7천405억 달러로 2위인 중국(1천782억 달러)의 4배 이상이었다.
          comma@yna.co.kr
          
           
          
          
        "
20210116,8,"3,022",뉴시스,https://news.v.daum.net/v/20210116162114958,"이낙연, '정은경 백신 전권' 비판 김종인에 ""시작도 전에 불신"""," 
         
          
           
           
            [서울=뉴시스]최동준 기자 = 이낙연 더불어민주당 대표가 15일 오전 서울 여의도 국회에서 열린 최고위원회의를 주재하고 있다. (공동취재사진) 2021.01.15. photo@newsis.com
           
          
           [서울=뉴시스] 최서진 기자 = 이낙연 더불어민주당 대표가 16일 정은경 질병관리처장의 백신 접종 전권 위임에 대한 김종인 국민의힘 비상대책위원장의 비판에 대해 ""백신 접종과 관련한 일을 시작도 하기 전에 불신부터 갖는 것은 결코 바람직하지 않다""고 반박했다.
          이 대표는 이날 페이스북을 통해 ""문재인 대통령께서 코로나19 백신 접종과 관련해 정은경 질병관리청장이 전권을 갖고 전 부처를 지휘하라고 지시하셨다""며 ""많은 권한이 상부로 몰리는 우리의 조직문화에서는 파격적이고 신선한 지시""라고 평가했다.
          그는 ""그에 대해 김종인 국민의힘 비대위원장은 질병관리청의 능력으로 실질적으로 이행할 수 있을지 상당히 회의적이라고 비판하셨다""며 ""저는 질병관리청과 정은경 청장의 역량을 신뢰한다. 능력있는 전담기관이 전권을 갖고 유관 부처를 지휘하는 것이 효율적이라고 생각한다""고 했다.
          이어 ""우리는 2015년과 2018년에 메르스를 겪었다. 2015년에는 38명의 사망자가 나왔지만, 2018년에는 사망자가 없었다""며 ""2015년과 2018년을 단순 비교하기는 어렵다. 그러나 2018년에는 질병관리본부가 전권을 가졌고, 그 본부장이 정은경씨였다. 이번 코로나에도 질병관리청은 잘 대응해 왔다""고 부연했다.
          이 대표는 ""무슨 일이든 국민의 신뢰가 있느냐 없느냐에 따라 결과가 달라진다. 질병관리청을 신뢰하는 것이 백신 접종의 성공적 진행에 매우 중요하다""며 ""김 위원장님이 제안하신 대로 질병관리청은 의료계의 전문적 조언을 늘 들으며 참고할 것이라고 저는 믿는다""고 전했다.
          ☞공감언론 뉴시스 westjin@newsis.com 
          
        "
20210116,9,"2,918",쿠키뉴스,https://news.v.daum.net/v/20210116190501892,"""꽃길만 걷길"" vs ""정의·공정 어디 갔느냐"" 조민 국시 합격 두고 갑론을박"," 
         
          
           
           
            ▲조국 전 법무부 장관. 박태현 기자 
           
          
          
            [쿠키뉴스] 이소연 기자 =조국 전 법무부 장관의 딸 조민씨의 의사국시 합격을 두고 갑론을박이 이어지고 있다. 
          
          15일 오후 조 전 장관의 페이스북 게시글 댓글에 조 전 장관이 우쿨렐레를 품에 안은 채 환하게 웃고 있는 사진이 게재됐다. 사진 속에는 “고마워요”라는 글씨가 크게 새겨져 있었다. 해당 이미지는 조 전 장관의 지지자 등이 조씨의 합격 소식을 들은 후 만들어 올린 것으로 전해졌다. 
          이에 조 전 장관 지지자 등은 SNS에 조씨의 의사국시 합격을 축하한다는 게시글을 올렸다. “조민씨가 훌륭한 의사가 되길 기원한다” “진심으로 합격을 축하한다” “조민씨가 앞으로 꽃길만 걷길 바란다”는 내용이 게재됐다.
          
           조 전 장관은 16일 오해를 살 수 있다며 사진과 축하 댓글 등을 비공개 처리했다. 
          
          
           
           
            ▲정경심 동양대학교 교수. 박태현 기자 
           
          
          
            다만 비판도 나온다. 임현택 대한소아청소년과의사회 회장은 같은 날 자신의 SNS에 “무자격자에 의해 환자의 생명이 위태롭게 된 사태의 책임자들은 즉각 사퇴하라”며 “우리 사회의 정의와 공정, 평등은 어디로 갔느냐”고 반문했다. 
          
          임 회장은 “사법부는 조씨의 어머니 정경심이 고려대와 부산대 의학전문대학원(의전원)에 딸을 부정입학 시킨 혐의에 대해 수없이 많은 근거를 열거하며 유죄로 판결했다”며 “대법원 판결까지 기다리겠다는 교육부 장관, 부산대 총장, 부산대 의전원장, 고려대 총장의 미온적이고 형평성을 잃은 대처로 무자격자가 흰 가운을 입고 의사행세를 하면서 환자 생명을 위태롭게 하게 된 사태에 대해 의사 면허증과 가운을 찢어 버리고 싶을 정도로 분노하고 개탄한다”고 이야기했다. 
          서울중앙지법 형사합의 25-2부는 지난달 자녀 입시비리와 사모펀드 투자 관련 혐의로 기소된 조 전 장관의 부인 정경심 동양대학교 교수에게 징역 4년을 선고했다. 재판부는 입시비리 혐의와 관련 모든 혐의를 유죄로 인정했다. 사모펀드와 증거인멸 혐의에 대해서는 일부 무죄로 판단됐다. 정 교수는 법정구속됐다.  
          대한소아청소년과의사회는 정 교수에 대한 최종 판결이 나올 때까지 조씨의 의사국시 응시 효력을 정지해야 한다는 취지로 가처분을 신청했다. 그러나 법원은 “조씨와 국시원 사이의 법률관계일 뿐 의사회는 당사자가 아니다”라며 이를 기각했다.
          soyeon@kukinews.com
          
        "
20210116,10,"2,723",중앙일보,https://news.v.daum.net/v/20210116060117046,"[윤석만의 뉴스뻥] 1년째 미궁에 빠진 울산사건, 최순실보다 더한 국정농단?"," 
         
          
           
            
             
            
           
          
           ━ 살아있는 권력에 엄정하라?  
          
           
          
           ""청와대든 또는 정부든 또는 집권 여당이든 만에 하나 권력형 비리가 있다면 그 점에 대해서는 정말 엄정한 그런 자세로 임해 주시기를 바라고…"" - 문재인 대통령, 2019년 7월 25일 윤석열 검찰총장 임명식 
          이거 뻥입니다. 권력 비리엔 엄정하고, 검찰 수사엔 성역이 없다던 대통령의 약속은 이제와 보니 뻥이었습니다. 며칠 후면 울산시장 사건이 기소된 지 딱 1년입니다. 하지만 제대로 된 수사도, 공판도 없이 개점휴업 상탭니다. 청와대의 개입 의혹이 난무하는데도 정권의 압력으로 사건의 실체를 아직까지 완전하게 밝히지 못하고 있습니다. 
          ━ 추미애 법무장관의 ‘인사학살’  가장 큰 원인은 추미애 법무장관이 기존 수사팀을 해체한 탓이 큽니다. 윤석열 총장의 사람들을 모두 물갈이 했죠. 조국 수사를 이끌던 한동훈, 울산시장 선거를 수사한 박찬호를 좌천시켰죠. 
          그 대신 대통령의 대학 후배이자 추 장관에 우호적인 이성윤 검찰국장을 서울중앙지검장으로 앉혔습니다. 당시 국민청원에는 울산시장 사건과 조국 비리 수사팀을 해체하지 말라는 글이 올라와 30만 명 넘게 동의했는데 말이죠. 
          ━ 청와대의 조직적 개입 의혹  검찰 공소장에 따르면, 청와대가 2018년 지방선거 직전까지 수사 상황을 18차례나 보고 받은 걸로 나옵니다. 심지어 경찰의 압수수색 예정 사실까지 말이죠. 이로써 지지율에 앞서 있던 현직 시장은 추락하고 대통령의 절친 송철호 후보가 당선됩니다. 
          2018년 2월(한국갤럽) 김기현(40%) vs 송철호(19.3%)  2018년 3월 경찰의 압수수색  2018년 4월(리얼미터) 김기현(29.1%) vs 송철호(41.6%) 
          경찰은 관련자 70여명을 저인망 수사했지만, 결국 무혐의 처리됐습니다. 당시 경찰 수사를 지휘한 황운하 울산청장은 나중에 민주당 공천을 받아 국회의원이 됐고요. 
          ━ 왜 선거에 개입했을까  송철호 시장은 과거 노무현·문재인 변호사와 함께 인권 3인방으로 불렸습니다. 30년 넘게 호형호제 했고, 대통령의 복심으로 평가됐죠. 2014년 지방선거 때는 문재인 의원이 무소속인 송철호 후보의 지원 유세까지 했습니다. 오죽하면 당시 문재인 의원의 소원이 “송철호의 당선”이라고 했을까요. 
          8번 선거에서 떨어진 절친을 돕고 싶은 마음, 충분히 이해합니다. 사람이 먼저니까요. 하지만 그의 당선을 돕기 위해 공권력을 움직였다면, 최순실의 국정농단과 다른 게 무엇입니까. 살아있는 권력도 수사하라던 대통령의 말처럼 울산시장 사건부터 투명하게 파헤치는 것이 진짜 개혁이고 정의입니다.  
          
           
            
             
            
           
          
          ■ 윤석만의 뉴스뻥
          「 
          
           
          
           윤석만 논설위원의 본격 뻥 체크 프로.  가짜로 막힌 속을 진짜로 뻥 뚫습니다.  거짓뉴스의 시대 ‘찐진실’을 찾습니다.  매주 금요일 오후 '윤석만의 뉴스 뻥'.  정희윤 기자와 진짜뉴스를 보도합니다.  」
          
        "
20210116,11,"2,675",머니투데이,https://news.v.daum.net/v/20210116063004269,"이명박, 26일째 서울대병원 입원..길어지는 법무부 고민"," 
         
          
           
           
            징역 17년형을 확정받은 이명박 전 대통령이 지난해 11월 서울 서초구 서울중앙지검에서 동부구치소로 이동하고 있다. / 사진=이기범 기자 leekb@
           
          
          구속수감 중인 이명박 전 대통령이 서울동부구치소 신종코로나바이러스감염증(코로나19) 집단 감염 사태로 26일째 외부 병원 진료를 받고 있다. 법무부의 고민이 길어지는 가운데 일각에선 '특혜'라는 비판도 제기된다.
          16일 법조계에 따르면 이 전 대통령은 아직까지 서울대학병원에 입원 중이다. 검찰이 이 전 대통령의 형 집행정지를 받아들이지 않으면서 이 전 대통령은 다시 교정기관으로 돌아가야 하는 상황이지만, 법무부가 거취를 결론짓지 못하고 있다.
          이 전 대통령 측에 따르면 이 전 대통령은 지난달 21일 지병 관련 진료를 위해 서울대병원에 입원했다. 지난달 23일에는 '기저질환이 있어 코로나19에 전염될 경우 생명이 위험한 상황인데 동부구치소 안 상황이 우려스렵다'며 형 집행정지를 신청했다.
          하지만 검찰은 이를 받아들이지 않았다. 검찰은 이 전 대통령의 건강 상태가 '중대한 질병'에 해당하지 않는 것으로 판단했다고 한다. 기저질환자로서 코로나19 감염에 취약하다는 주장에 대해서는 별도로 판단하지 않았다.
          법무부 관계자는 이 전 대통령 수감 계획에 대해 ""결국 입소를 하긴 해야 한다""며 ""다만 동부구치소로 갈지 다른 곳으로 갈지에 대해선 결정된 바가 없는 것으로 안다""고 설명했다. 또 ""지금은 일단 병원 진료를 받는 상황이기 때문에 진료가 끝나면 결정하지 않을까 싶다""고 했다.
          이 전 대통령 측은 법무부의 판단을 기다릴 수밖에 없다는 입장이다. 이 전 대통령 측은 ""형 집행정지 등 추가적인 신청을 할 생각은 현재 없다""면서 ""지금은 당뇨나 천식을 포함한 질환들을 진료하는 중이고 추후 교정본부의 결정에 따라 움직이게 될 것 같다""고 말했다.
          이에 법조계 일각에선 특혜 논란이 제기된다. 형 집행정지도 받아들여지지 않은 이 전 대통령을 외부 병원에서 계속 진료받게 하는 건 형평성에 어긋난다는 지적이다. 형 집행정지가 허가되면 외부에서 병원 진료를 받는 대신 해당 기간은 구속 기간으로 인정되지 않는다. 이 전 대통령의 경우 구속 기간에 인정되는 시간을 외부 병원에서 보내고 있는 셈이다.
          서초동의 한 변호사는 ""결국 법무부가 눈치를 보고 있는 것 아니겠냐""며 ""전 대통령이 혹시나 코로나19에 감염되면 큰 문제가 되기 때문에 우선 병원에 조용히 모시는 게 낫다고 생각할 거다. 검찰이 형 집행정지를 불허하면서 법무부도 고민이 많을 것""이라고 말했다.
          반면 최근 사면 논의까지 불거진 상황에서 고령인 이 전 대통령을 위험한 구치소로 보내는 게 비합리적일 수 있단 의견도 나온다. 법무부는 최근 코로나19 감염 위험을 낮추기 위해 기저질환자나 모범 수형자들에 대한 가석방 및 형 집행정지 등을 확대하고 있다.
          이 전 대통령은 다스에서 조성한 300억원대 비자금을 횡령하고 삼성그룹 등으로부터 뇌물을 받았다는 혐의로 기소됐다. 1심은 징역 15년에 벌금 130억원을 선고하고 82억원 추징을 명령했다. 2심에서는 형이 늘어 징역 17년에 벌금 130억원이 선고됐고 57억8000만원 추징이 명령됐다. 대법원은 지난해 10월29일 원심 판결을 확정했다.
          
           안채원 기자 chae1@mt.co.kr
          
          
        "
20210116,12,"2,675",뉴스1,https://news.v.daum.net/v/20210116085905447,거리두기 2주 연장..5인 이상 모임금지·밤9시 이후 영업제한 계속(종합)," 
         
          
           
           
            정세균 국무총리가 15일 서울 종로구 정부서울청사에서 열린 코로나19 중앙재난안전대책본부 회의에서 모두 발언을 하고 있다. 2021.1.15/뉴스1 © News1 송원영 기자
           
          
          (서울=뉴스1) 박주평 기자 = 정세균 국무총리는 16일 ""거리두기 단계를 2주 더 연장한다. 개인간 접촉을 줄여 감염확산을 억제하는데 효과가 컸던 '5인 이상 모임 금지'와 '밤 9시 이후 영업제한' 조치도 계속 시행한다""고 밝혔다.
          정 총리는 이날 오전 정부서울청사에서 신종 코로나바이러스 감염증(코로나19) 대응 중앙재난안전대책본부 회의를 주재하고 ""반면에 헬스클럽, 학원, 노래연습장 등 문을 닫아야 했던 다중이용시설은 엄격한 방역수칙을 적용하는 조건으로 운영이 재개된다""며 이같이 말했다.
          현행 사회적 거리두기(수도권 2.5단계, 비수도권 2단계)가 17일 종료됨에 따라 정부는 거리두기 조정방안과 방역대책을 마련했다. 이번 사회적 거리두기와 방역대책은 18일 0시부터 2주간 시행된다. 
          정 총리는 ""카페와 종교시설같이, 방역기준이 과도하다는 의견이 많았던 곳은 합리적으로 보완한다""고 말했다.
          그는 ""방역의 고삐를 계속 조여 일상 회복을 앞당겨야 한다는 당위론, 누적된 사회적 피로와 수많은 자영업자의 고통을 외면할 수 없다는 현실론 사이에서 깊이 고민했다""고 설명했다.
          정부는 거리두기 조정방안과 함께 설 연휴를 대비한 방역대책도 마련했다. 정 총리는 ""이번 설 명절도 그리운 가족·친지와의 만남보다는 마음으로 함께 해주셔야 할 것 같다""며 ""아쉽지만 이동과 여행을 자제해 주시고, 접촉을 줄여 고향에 계신 부모님의 건강과 안전을 먼저 지켜달라""고 당부했다. 
          이어 ""오늘 발표하는 정부의 방역대책이 국민 여러분의 일상을 조금이나마 되찾아 드리고 수많은 소상공인과 자영업자의 시름을 덜어드리기에 충분치 못하다는 점을 잘 알고 있다""면서 ""그러나 지금 우리가 감당하고 있는 인내와 고통의 시간은 결코 헛되지 않을 것이다. 다음 달부터 차례로 도입되는 치료제와 백신이 생활 속 '참여방역'을 든든하게 뒷받침할 것""이라고 강조했다. 
          정 총리는 ""지금 이 순간에도 우리 주변에는 묵묵히 주어진 소명을 실천하고 계신 숨은 영웅이 많다""며 ""방역현장에서 구슬땀을 흘리며 사투를 벌이고 계신 의료진과 군인, 경찰, 소방관, 역학조사관 등이 바로 그들""이라고 말했다. 
          정 총리는 ""방역을 위해 눈물을 머금고 가게 문을 걸어 잠그신 수많은 자영업자와 소상공인들, 불편함을 참고 마스크 쓰기와 거리두기를 철저하게 실천해 주고 계신 국민 모두가 영웅""이라며 ""이런 영웅들의 헌신과 노력이 헛되지 않도록 모든 역량을 동원해 코로나19와의 싸움에서 반드시 승리하겠다""고 약속했다. 
          끝으로 ""앞으로 한 달간 조금만 더 힘을 모아 주신다면 머지않아 희망의 봄을 맞이할 수 있을 것""이라고 덧붙였다.
          jupy@news1.kr 
          
        "
20210116,13,"2,446",동아일보,https://news.v.daum.net/v/20210116030158715,한겨울 심야 열병식에 빨갛게 얼어붙은 北병사들," 
         
          
           
          
          
           북한 군인들이 14일 북한 평양 김일성광장에서 열린 8차 노동당 대회 기념 열병식에서 행진을 하고 있다. 이날 평양의 최저기온은 영하 8도로 야간 열병식에 투입된 군인들의 얼굴이 빨갛게 얼어 있다. 열병식 참가 군인 중 상당수가 지난해 10월 열병식 이후 자대 복귀를 못 하고 야전에서 숙영하며 열병식 준비를 계속한 것으로 알려졌다. 
          
          평양=AP 뉴시스 
          
        "
20210116,14,"2,268",노컷뉴스,https://news.v.daum.net/v/20210116070313535,"[이슈시개]춤추는 BJ에 층간소음 항의하자..""업무방해"" 갈등"," 
         
          
           
           
            14일 진행된 저녁 생방송에서 BJ들이 모여 술상을 차려놓고 춤을 추고 있다. 아프리카TV 캡처
           
          
          
           연예인들의 층간소음이 논란인 가운데 최근 개인방송 BJ를 고발하는 글도 온라인상에 올라와 주목된다.
          
          지난 14일 한 온라인커뮤니티에는 '위층의 BJ, 전 어떻게 하면 좋을까요'라는 제목의 게시글이 올라왔다. 해당글은 조회수 20만회를 넘길 정도로 누리꾼들의 이목을 끌었다.
          게시글을 올린 부천의 한 주거용 오피스텔에 사는 A씨는 ""층간소음을 모르고 살았는데 지난해 9월경 윗집의 소음이 시작됐다""며 ""알고보니 'OO엔터테인먼트'라는 사무실이 들어왔다. 사는 곳이 주거용 오피스텔이라 사무실이 들어온다는 것도 낯설었다""고 상황을 설명했다. 
          그러면서 ""아프리카TV에 출연하는 BJ들이 모여 주로 춤과 노래를 콘텐츠로 방송하는데 시도때도 없이 밤 늦게까지 방송을 하니 사실 아래층 입장에서는 힘들다""며 ""경비실을 통해 주의를 요청하고 심지어 경찰도 부른 적이 있지만 아랑곳하지 않고 계속 방송을 했다. 신나게 방송하며 별풍선을 많이 받았겠지만 아랫집 배려는 안해주는 것 같다""고 호소했다. 
          
           
           
            아프리카TV 채팅창에서 일부 시청자들이 BJ에 항의하고 있다. 아프리카TV 캡처
           
          
          
           실제 지난 14일 저녁에 진행된 생방송 다시보기를 확인해본 결과 4명의 남녀 BJ들은 카메라 앞에 술상을 차려두고 가무에 열중했다. 
          
          이들은 가무 직후 '술먹방'(술을 먹으며 생방송을 하는 콘텐츠)으로 즐거운 분위기를 이어가던 중, 온라인커뮤니티의 글을 보고 방송에 들어온 몇몇 시청자들이 소음 문제와 관련해 댓글을 달기 시작하자 불편한 기색을 내비쳤다.
          '소음 문제가 있는 것 같은데 해명해달라'는 댓글을 확인한 남성 BJ는 ""해명글을 왜 올려야 하나. 사회적으로 잘못한 것도 아니고 아래층 집과의 문제""라며 ""아파트에서 난리가 났으면 쫒겨났을 것이다. 9월부터 (이곳에) 살았고 경찰과 관리사무소 등에서도 왔었는데 왜 아무런 조치가 없었을까""라고 응수했다.
          그러면서 ""나도 (윗층소리가) 들린다. 그런데 어떡하나 날아다닐 수도 없고 공중부양이라도 돼야지""라며 ""내가 강시처럼 뛰는 것도 아니다. 아래층이 꼬장을 부리는 것으로 법적으로 잘못한 게 하나도 없다""고 목소리를 높였다. '층간소음 고통이 심할 것'이라는 댓글엔 ""증거 있나""고도 했다. 
          아래층의 지속적인 항의에 대해선 ""이 정도면 영업방해다. 이곳은 사무실""이라며 ""고소 안하는 사람인데 (아래층 사람을) 고소하고 싶다""는 반응도 보였다.
          
           
           
            바닥 매트에 낙법을 선보이는 BJ.아프리카TV 캡처
           
          
          
           그래도 시청자들의 항의성 댓글이 이어지자 남성 BJ는 술상을 치우고 여성 BJ 3명에게 나가라고 지시한 뒤, 뒤편 바닥에 깔아놓은 매트를 보여주며 낙법을 선보이기도 했다.
          
          이후 평소보다 시청자가 늘어나자, '술먹방' 콘텐츠가 아닌 층간소음 관련 토론 콘텐츠를 진행하겠다며 댓글창에 올라오는 항의성 댓글을 읽고 답변하기 시작했다. 그는 이후 2시간 가량 생방송을 더 진행했다. 
          이번 층간소음 갈등 소식을 접한 누리꾼들은 ""안 겪어본 사람은 모른다. 층간 소음은 무조건 윗층 잘못"", ""방음이라도 하고 떠들어야 한다"", ""말이 안 통하면 이사가는 것 외에는 답이 없다"", ""당해봐서 안다. 새벽시간에 소리치는 소리에 깜짝 놀라 복도에 나가보니 별풍선을 요청하고 있더라"" 등의 반응을 보였다.
          한 누리꾼은 ""글쓴이와 같은 곳에 사는 이웃이다. 입주민 단톡방에서도 이슈가 돼 지난달 관리단 대표회의 안건으로 올라왔다는 엘리베이터 공지를 봤다""며 ""이곳은 1700세대가 넘는 아파텔로 가족단위의 일반 주거용으로 사는 사람들이 대부분""이라고 설명했다.
          사실 개인방송 BJ들의 이웃간 층간소음 문제는 예전부터 꾸준히 제기돼왔다. 개인방송의 경우 주 시청자층 대부분이 저녁시간이나 잠들기 전 방송을 시청해 늦은 시간 방송을 진행할 수밖에 없기 때문이다. 
          더욱이 개인방송은 방송특성상 대부분 생방송으로 진행되고 있어, 이웃과의 갈등상황이 종종 방송으로 생중계되기도 한다.
          [CBS노컷뉴스 송정훈 기자] yeswalk@cbs.co.kr
          
        "
20210116,15,"2,248",경향신문,https://news.v.daum.net/v/20210116171629618,"버스중앙차로 차도 잔디심기, 서울시의 뻘짓?"," 
         
          [경향신문] 
          
           
          
          
           
           
            사진출처 www.cdts-ltd.co.uk
           
          
          [언더그라운드.넷] “기사를 보는 사람들은 큰 제목만 보잖아요. 대응하기도 애매합니다. 딱히 틀린 말은 없는데 오해의 소지가 있는데 굳이 대응하자니….” 기자와 통화한 서울시 도로관리과 담당자의 말이다. ‘뻘짓’이라는 말이 기사에 나온 것은 아니다. [단독] 표시가 붙은 한 경제지 1월 11일자 기사 제목엔 ‘실효성 논란’이라고만 돼 있을 뿐이다. 
          커뮤니티들에 이 기사가 공유되면서 가장 많이 사용된 제목이 ‘서울시의 뻘짓’이다. 기사의 요지는 버스차로 중앙차선 도로에 잔디를 심는 시범사업을 올해 4월 두군데 정류소에서 한다는 것이다. 도시 미관개선과 여름철 열섬현상 방지 등을 위한 것이라는데, 비용은 정류소당 4억~5억원이 들고, 그중 잔디 식재와 유지에 들어가는 비용이 연 1000만원가량이다. 기사만 보면 “서울시 돈이 남아도는 모양”이라는 흰소리가 나올 만하다. 이 단독 기사의 근거는 무엇일까. 찾아봤다. 지난해 12월 31일 도로관리과가 기안한 ‘중앙버스 전용차로 신개념 녹지공간 조성 계획’이라는 자료다. 
          기안 문서를 검토해보면 눈에 띄는 대목이 있다. 시범사업 추진에 앞서 특정기술 선정심사위원회를 열어 공사에 사용될 기술을 선정하는데, 기술조사를 해보니 1개 특허기술이 확인된다는 대목이다. ‘대형차량 전용차로용 포장층 및 이의 시공방법’이라는 기술인데, 지난 2018년 8월 특허청에 출원됐고, 2020년 5월에 등록된 특허다. 출원자는 경기도에 있는 한 토목회사다. 이 회사에 관한 기록을 뒤져보면 위 특허의 발명자로 돼 있는 인사가 지난 2009년에 설립했다. 회사 설립 당시 이 발명자의 나이는 50세이니 현재는 61세로 추정된다. 
          뭔가 그럴듯한 음모론이 자연스레 떠오른다. 중앙차로 잔디공사는 알고 보니 서울시와 결탁한 86세대 인사의 이권사업? 
          잔디 식재는 누구의 제안이었을까. 서울시에 물었다. “지난해 8~9월경 도로관리과 포장조사평가팀에서 자체적으로 나온 아이디어입니다. 그 특허를 가지고 있다는 분이 누군지도 모르고, 사용될 특정 공법도 심의를 거쳐야 하는데요.” 
          특허를 가지고 있다는 업체가 하나뿐이라면 공개입찰을 하더라도 그쪽에 유리한 결과가 예정돼 있는 것이 아닐까. “일단 1~2개 시범사업을 해보고 실효성이 있는지 판단한 후 범위를 확대하는 것이 목표입니다. 서울시 광장에 잔디를 심었을 때도 처음엔 말이 많았잖아요.” 이 관계자에 따르면 외국에 도로 가운데 잔디를 심은 게 없는 건 아니다. 실제 기안서엔 관련 사진도 몇장 첨부돼 있다. 주로 영국과 독일 등 유럽권이다. 실제 구글 검색을 통해 찾는 것도 어렵지 않다(사진). “콘크리트 PC 패널 공사에 드는 비용이 4억~5억원입니다. 가운데 공간에 잔디를 식재하면 오히려 비용이 줄어들어요. 4월에 시범사업을 하겠다는 것은 원래 공사가 예정된 곳에 여름철 우기가 오기 전에 공사한다는 것인데 오해가 여전히 계속되는 것 같습니다.” 사실 논란이 확대된 데엔 ‘단독’이라고 보도한 첫 기사의 영향도 없지 않다. 기사가 실효성 논란의 근거로 제시한 것은 ‘서울 용산구에 거주하는 40대 A씨’의 의문이다. 단독이라고 주장하기엔 좀 어울리지 않은 코멘트다.
          정용인 기자 inqbus@kyunghyang.com
          
        "
20210116,16,"2,222",매일경제,https://news.v.daum.net/v/20210116095100148,"""조작된거 아냐?"" 로또 '45분의 진실'을 파헤쳐봤습니다 [로또하세요?]"," 
         
          * 기자라고 말을 다 잘하는 건 아닙니다. 특히나 처음 보는 사람과는요. 소재가 필요합니다. 누구나 쉽게 접근할 수 있고 재밌어할 만 한것, '로또'입니다. 로또는 사행성으로부터 자유롭지 않습니다. 하지만 '사람'에 초점을 맞추면 희노애락이 보입니다. '당첨금'에 초첨을 맞추면 세금·재테크·통계 등 다양한 이야기를 해볼 수 있습니다.
          ""또 조작설이요? 휴~""
          동행복권 측에 '로또 조작설'에 관해 묻자 담당자는 한숨부터 내쉬었다. 동행복권은 정부의 복권 수탁사업자다. ""우리는 '조작'이란 단어조차 사용하는 것을 꺼려한다""고 담당자가 말했다. 그만큼 공정하게 운영을 하고 있고, 추첨 과정에서 조작은 전혀 불가능하다는 게 이들의 입장이다.
          그러나 인터넷 상에선 각종 조작설들이 난무하고 있는 게 사실. 로또가 도입된 2000년대 초창기부터 그러했다. 특히 로또 당첨 번호가 특정 번호대에 몰리거나 당첨자 수가 예상보다 많은 2~30명이 나올 때면 로또 조작설이 스멀스멀 흘러나와 사람들의 심리를 동요시킨다. '야, 이거 조작된 거 아니야?' 
          대표적으로 제기되는 것 중 하나가 이른바 '45분 조작설'이다. 즉 로또 판매가 마감되는 토요일 저녁 8시부터 추첨을 하는 8시45분까지 45분 가량이 비는데, 이 시간 로또 당첨 번호를 조작하는 것 아니냐는 설이다. 이같은 설은 로또 추첨 방송이 녹화방송이란 잘못된 정보와 합쳐져 눈덩이처럼 커지곤 한다.
          동행복권은 우선 로또 추첨 방송은 100% 생방송으로 진행됨을 강조하고 나섰다. 추첨 현장을 돕기 위해 나가는 직원들, 다수의 MBC 방송 관계자들이 증인이라고 했다. 비록 지금은 코로나 사태로 중단됐지만 방청객 아르바이트생들이 남긴 생방송 관련 후기도 찾아보면 많다.
          그렇다면 '왜' 로또 판매 마감 후 바로 추첨을 하지 않는 것일까. 45분의 시차는 왜 생겨서 조작설을 양산하는 것일까. 
          두 가지 이유에서다. 첫째, 일주일 간 판매한 데이터의 '마감 과정'을 위해 일정 시간이 필요하다는 게 동행복권 측이 말하는 이유다. 
          동행복권에 따르면 현재 로또6/45는 일주일에 약 900억원어치가 팔리고 있다. 로또 한 게임당 구매 가격이 1000원이므로 참여 게임수만 9000만 게임에 이른다. 그야말로 '억소리' 나는 판매 금액에 방대한 게임수다. 
          이 때 9000만 용지에 적힌 번호들이 바로 판매 데이터가 된다. 해당 데이터는 판매점에서 로또를 내가 샀을 때부터 동행복권의 '메인시스템'과 '백업시스템', 기획재정부 복권위원회의 '감사시스템' 등 3개 시스템으로 실시간 전송·저장된다. 
          동행복권 측은 ""당연히 3개 시스템은 철통 보안을 자랑한다""며 ""어떤 해커도 뚫을 수 없는 데이터 최종 수치를 저희 쪽과 기획재정부의 감사기관에서 크로스 체크하는 것이 바로 데이터 마감이고, 이 과정에 15분 가량이 소요된다""고 말했다. 
          컴퓨터 시스템상 더 빠르게 확인 작업을 마칠 순 없냐는 의구심이 들 수 있다. 하지만 감사위원의 감독과 데이터 일치 여부를 확인한 최종 보고서를 팩스로 주고 받으려면 최대 15분 정도 걸린다는 게 동행복권 측 설명이다. 45분의 조작설 중 15분에 대한 의혹은 일단 풀렸다. 
          나머지 30분의 차이를 설명해야 하는데 이는 방송사 편성 계획상 불가피하게 발생하는 것이라고 동행복권 측은 밝혔다. 즉 8시 40분까지 주말 뉴스가 편성돼 있는 상황에서 갑자기 툭 방송을 끊고 로또 추첨을 할 순 없다보니 어쩔 수 없이 생기는 시간 차란 얘기다. 
          동행복권 측은 ""방송사에서 뉴스가 끝나자마자 가장 빠르게 편성해 주는 시간이 바로 8시 45분경""이라며 ""그래서 불가피하게 로또 판매 마감 후 추첨 방송을 하기까지 45분 가량이 차이가 나는 것이지 조작은 불가능하다""고 강조했다. 
          [방영덕 매경닷컴 기자 byd@mk.co.kr]
          
        "
20210116,17,"2,092",연합뉴스,https://news.v.daum.net/v/20210116205527543,"정총리, '주례서달라'던 20대 커플 결혼식서 '깜짝 주례'"," 
         
          
           
           
            정총리, 20대 부부 결혼식 '깜짝주례' [정총리 페이스북 캡처. 재판매 및 DB 금지]
           
          
          (서울=연합뉴스) 설승은 기자 = 정세균 국무총리가 한 20대 부부의 결혼식에 '깜짝' 주례를 섰다.
          작년 한 행사장에서 처음 본 자신에게 결혼식 주례를 서달라고 '돌발' 요청했던 커플과의 약속을 지킨 것이다.
          정 총리는 16일 페이스북에 ""오늘 깜짝 주례를 섰다""며 자신이 결혼식 주례를 보고 있는 사진을 올렸다.
          앞서 이 부부는 지난해 10월 쇼핑축제 '2020 코리아세일페스타' 개막식에 국민 참여단으로 참여했다가 축사를 하러 온 정 총리에게 ""인상이 너무 인자해 주례 선생님으로 꼭 모시고 싶다""고 부탁했다.
          당시 정 총리는 이들을 행사장에서 처음 만난데다 사전 조율 없는 갑작스러운 부탁이었음에도 곧바로 고개를 끄덕이며 ""그러겠다""며 이들의 요청을 수락한 바 있다.
          정 총리는 이날 페이스북에 당시 상황을 전하며 ""이 어려운 상황에서 결혼을 하는 신랑, 신부가 고맙고 대견해 선뜻 그러겠노라고 약속했다""며 ""오늘이 바로 그 약속을 지키게 된 날""이라고 했다.
          정 총리는 ""두 청년이 이제 사랑이란 이름으로 하나가 됐다""며 ""새로운 출발을 진심으로 축하하며 앞날에 행복이 가득하길 진심으로 빈다""고 응원했다. 
          ses@yna.co.kr
          
           
          
          
        "
20210116,18,"1,941",세계일보,https://news.v.daum.net/v/20210116122229867,"與 윤호중 ""검찰개혁 근거 제공해 준 윤석열 고맙다..지휘감독권 제동걸 것"""," 
         
          
           
          
          
            국회 법제사법위원장인 더불어민주당 윤호중 의원이 윤석열 검찰총장에게 되레 “고맙다”고 했다. 검찰이 개정된 법개정에도 조직개편 등을 미적거리고 있어서 여당 주도로 검찰개혁에 박차를 가할 수 있는 명분을 줬다는 의미다.
          
          윤호중 의원은 지난 15일 밤 공개된 ‘김어준의 다스뵈이다’ 유튜브 방송에 나와 “윤석열 총장에게 어떻게 보면 고맙다”며 “검찰개혁이 불가피한 상황을 스스로 만들었고 2기 검찰개혁의 논리적 근거를 제공해준 것”이라고 지적했다.
          윤호중 의원은 검찰이 호시탐탐 법개정 이전으로 돌아가려는 합리적 의심이 든다고 주장했다. 그는 “검찰이 2019년도에 기소한 사건이 5만건이다. 경찰로 수시개시권이 넘어갔고 직접 수사를 할 수 있는 게 6대 범죄로 국한된다“며 “시행령에서 규모를 더 축소해서 법무부에서 사실상 5000건 정도 될 것이라고 얘기한다. 그러면 84∼90%가 줄어든다”고 설명했다. 이어 “그런 걸 놓고 보면 상당히 많은 조직 개편이 있어야하는데 전혀 준비하지 않았다”며 “이런걸 보면서 검찰이 검경수사권 조정에 대해서 흔쾌히 받아들이지 않을뿐 아니라 언제든 다시 자기 권한을 되찾을 생각을 하는 것 아닌가하는 합리적 의심이 든다”고 꼬집었다.
          윤호중 의원은 “직접수사부서를 서울중앙지검, 광주, 대구로 줄였는데 형사부로 명칭이 다른 곳에서도 6대범죄를 직접하고 있다”며 “월성 1호기 폐쇄관련 수사를 대전지검형사5부가 하는데 이전에는 특수부였다. 간판만 바꿔달고 하는 일은 그대로 한다”고 말했다.
          그러면서 “(민주당이)검찰개혁 2단계 추진하겠다고 하니까 윤석열 총장에 대한 손보기 아니냐고 하는데 공수처(고위공직자범죄수사처) 출범까지의 검찰개혁은 법적으로 20대 국회에서 끝난 것”이라며 “21대 국회는 후속작업을 한 것”이라고 덧붙였다.
          민주당이 추진하는 검찰개혁은 검찰 관련 법을 처음 만들 때로 돌리겠다는 언급도 있었다. 윤호중 의원은 “지금 가장 강력하게 얘기되고 있는 것은 처음 만들 때(1945년 12월 미군정이 발표한 법무부 검사에 대한 훈령 제3호)의 검찰청법으로 돌아가자. 그때는 검찰이 수사 안했다”며 “직접 수사안하고 수사끝내고 기소만 했다. (민주당 내부에서는) 검찰의 직접 수사권을 완전히 박탈하자는 의견이 강력하고 다수 의견이다”라고 전했다.
          윤호중 의원은 또 검찰총장의 권한도 더 명시적으로 규정할 것을 암시했다. 그는 “검찰의 수사권을 분리해내는 것 뿐 아니라 검찰총장의 지휘감독권이 자의적으로 행사되는데 제동장치도 만들 것“이라며 “우리 국민의 인권이 충분히 보장받고 사법평등권을 충분히 누릴 수 있도록 하는 제도적 장치를 만들어서 2월말까지 법안을 마련해서 국회에 제출하려한다. 보궐선거도 있고 전당대회도 있어서 바로 논의하기 어려우면 6월말까지 하겠다”고 밝혔다. 그러면서 검찰개혁에 대한 “민주당의 의지는 ‘만랩’”이라고 웃어보였다.
          최형창 기자 calling@segye.com
          
        "
20210116,19,"1,941",MBN,https://news.v.daum.net/v/20210116201828305,"""장교 반말 지시는 인격권 침해"" 인권위 진정..온라인 시끌"," 
         
          
           
            
             
            
           
          
           【 앵커멘트 】 젊은 장교들이 나이 많은 부사관에게 반말로 지시해도 되느냐를 두고 육군참모총장과 주임원사들 사이에 갈등이 빚어졌습니다. 육군참모총장이 반말로 지시해도 된다는 취지로 말을 해 인격권이 침해당했다며 주임원사들이 인권위에 진정을 낸 건데요. 온라인 상에선 갑론을박이 벌어지고 있습니다. 우종환 기자입니다.
          【 기자 】 지난달 24일 국가인권위원회에 육군 주임원사 일부 명의로 진정서가 접수됐습니다.
          남영신 육군참모총장이 '장교의 반말지시는 당연하다'는 취지의 말로 자신들의 인격권을 침해했다는 겁니다.
          문제가 된 건 지난달 21일 남 총장이 부대 주임원사들과 화상회의에서 한 발언입니다.
          남 총장은 ""어린 장교가 나이 많은 부사관에게 반말로 지시하는 걸 문제삼으면 안 된다""며 ""장교가 부사관에게 존칭을 쓰는 문화에 감사해야 한다""고 말한 걸로 알려졌습니다.
          육군은 남 총장의 진의가 왜곡됐다며 나이보다 계급을 존중하라는 취지이지 반말이 당연하다는 의미가 아니었다고 밝혔습니다.
          해당 사건이 알려지면서 온라인 상에서는 갑론을박이 벌어졌습니다.
          한 누리꾼은 ""군대는 계급사회""라며 ""초임 부사관도 말년 병장에게 반말하지 않느냐""고 말했습니다.
          반면, ""위관급 장교의 아버지뻘이 주임원사들""이라며 ""경험과 연륜을 존중해줘야 한다""는 목소리도 있습니다.
          ▶ 인터뷰(☎) : 양욱 / 한국국방안보포럼 센터장 - ""상명하복 관계는 철저히 지켜져야 하거든요. (부사관이 장교에게) 예의에 어긋나는 건 안 해달라 취지의 말은 충분히 가능하다 봅니다. 진정까지 할 사안인지는….""
          인권위는 해당 진정 내용의 정확한 경위를 조사하고 있습니다.
          MBN뉴스 우종환입니다. [ ugiza@mbn.co.kr ]
          영상편집 : 이유진
          #MBN #장교 #부사관 #반말 #남영신 #육군참모총장 #인권위 #우종환기자
          
        "
20210116,20,"1,883",머니투데이,https://news.v.daum.net/v/20210116094018051,"김재련 ""박원순 휴대폰 없애지 말아달라"" 유족에 호소"," 
         
          
           
           
            고 박원순 서울시장을 성추행 혐의 등으로 고소한 피해여성을 대리하는 김재련 변호사가 13일 오후 서울 은평구 녹번동 한국여성의전화 사무실에서 연 `서울시장에 의한 위력 성추행 사건 기자회견'에서 피해여성을 텔레그램 비밀 대화방에 초대한 스마트폰 화면 사진을 공개하고 있다. 2020.7.13/뉴스1 © News1 유승관 기자
           
          
          고(故) 박원순 전 서울시장 성추행 의혹 피해자 변호를 맡고 있는 김재련 변호사가 박 전 시장의 유족들에게 ""박 전 시장의 휴대폰을 없애지 말아 달라""고 호소했다. 서울경찰청은 지난달 29일 박 전 시장의 업무용 스마트폰을 검찰 지휘에 따라 유족 측에 반환했다.
          김 변호사는 16일 자신의 페이스북에 ""진실의 힘은 강하고 생각보다 촘촘한 그물로 엮여있다""며 ""경찰이 박 시장폰을 반환하고, 서울시가 유족에게 그것을 넘겨주고, 경찰이 이미징파일을 모두 삭제했다고 해서 진실이 사라지지는 않는다""고 말했다.
          김 변호사는 지난 14일 중앙지법 판결을 언급하면서 ""피해자가 정신과 상담치료 받으며 의사선생님께 말한 피해내용이 언급됐다""며 ""'냄새를 맡고싶다, 몸매가 좋다, 남자를 알아야 시집을 간다, OO을 알려주겠다'는 것들이다""라고 설명했다.
          김 변호사는 ""박 시장 핸드폰 전체 내용은 포렌식 못했으나 그가 피해자에게 보낸 문자를 직접 본 사람들의 참고인 진술은 확보돼 있다""며 ""늦은 밤 피해자와 함께 있던 친구가 한밤중에 피해자집으로 오겠다는 박 시장의 문자를 봤다, 피해자에게 보낸 속옷사진을 본 서울시청 동료직원 진술도 확보돼 있다""고 했다. 이어 ""이 사실들은 경찰이 수사하고 중앙지검으로 송치한 약 30쪽 분량의 송치의견서에 포함되어 있을 것""이라고 지적했다.
          김 변호사는 ""혹자들은 피해자폰 까면 되지 왜 박시장폰 까냐고 한다""며 ""피해자폰은 모두 깠다. 수사기관, 인권위 몇 차례에 걸쳐서. 피해자 폰 다 깠으면 피의자 폰도 까는게 ""공평, 공정, 정의"" 아닌가""라고 반문했다. 그러면서 ""부디 박 시장 유족이 핸드폰을 없애버리지 않길 바란다""며 ""진실의 힘은 강하다""고 강조했다.
          한편 서울중앙지법 형사합의31부(부장판사 조성필)는 지난 14일 준강간치상 혐의로 기소된 서울시장 비서실 전 직원 정모씨(41)에게 징역 3년6개월을 선고했다. 40시간의 성폭력 치료프로그램 이수도 명했다. 이 과정에서 재판부가 피해자가 직원 뿐 아니라 박원순 전 서울시장에게도 성추행을 받은 사실을 인정했다.
          재판부는 정씨의 성폭행과 피해자의 외상후 스트레스 장애의 인과관계를 판단하면서 박 전 시장의 성추행 사실이 있었다는 점을 인정했다. 재판부는 ""피해자가 박 시장의 성추행으로 상당한 정신적 고통을 입은 것은 틀림없는 사실""이라고 밝혔다.
          김재련 변호사는 이에 대해 ""피해자가 박 전 시장을 고소했지만 (박 시장 죽음으로) 법적으로 호소할 기회를 잃었다""며 ""재판부가 피해자가 입은 피해에 대해 일정 부분 판단해 주셔서 피해자에게 조금이나마 위안이 될 것 같다""고 말했다.
          
           김수현 기자 theksh01@mt.co.kr
          
          
        "
20210116,21,"1,865",KBS,https://news.v.daum.net/v/20210116213352804,"秋 ""김학의 출금 수사는 '검찰 재수사' 스스로 부정"""," 
         
          
           
            
             
            
           
          
          [앵커]
          별장 성 접대, 또 성폭력 의혹의 당사자였던 김학의 전 법무부차관을 법무부가 긴급 출국금지하는 과정에서 위법이 있었다는 논란, 검찰이 수사를 본격 시작한 가운데 법무부가 당시 출국금지는 적법했다는 입장을 밝혔습니다.
          추미애 법무부 장관은 이번 검찰 수사를 겨냥해 김 전 차관을 재수사 했던 검찰이 그 수사를 스스로 부정한다고 지적했습니다.
          이재희 기잡니다.
          [리포트]
          수사권이 없는 진상조사단 파견 검사가 허위 서류를 작성해 진행했다는 의혹이 인 김학의 전 법무부차관의 긴급 출국금지 조치.
          위법 논란이 계속되자 법무부가 오늘(16일) 당시 출국금지는 적법했고, 절차 논란은 부차적이라는 입장을 밝혔습니다.
          법무부는 출입국관리법상 수사기관 요청 없이 법무부장관이 직접 출국금지 조치를 할 수 있다고 설명했습니다.
          그러면서 당시 김 전 차관이 출석 요구에 불응하고 도피 우려가 제기됐던 만큼, 위법성 논란이 불거진 대검 진상조사단의 요청 없이도 장관이 직권으로 김 전 차관의 출국을 막았을 것이라고 밝혔습니다.
          또 당시 김 전 차관의 비행기 탑승 직전 출국 시도를 파악했던 만큼 긴급 출국금지가 불가피했다고 설명했습니다.
          법무부 입장 발표 직후 추미애 법무부장관도 검찰 수사를 강력 비판하는 글을 SNS에 올렸습니다.
          국민의힘 고발로 안양지청에서 수사 중임에도 대검이 사건을 재배당해 대규모 수사단을 구성했다며 검찰의 과거사위 활동과 그에 따른 재수사를 스스로 부정한다고 주장했습니다.
          출금 요청 서류 허위 작성 의혹에 대해서는 당시 검찰 수뇌부가 오히려 출금을 연장 요청하면서 관련 수사를 진행했다고 지적했습니다.
          또 2013년 황교안 전 장관도 사건 번호도 없이 참고인에 대해 직권으로 출국금지 조치를 한 사례가 있다고 언급했습니다.
          앞서 지난 13일 대검찰청은 안양지청에서 맡았던 사건을 수원지검 본청으로 재배당한 뒤 검사 5명으로 구성된 수사팀을 꾸려 수사에 착수했습니다.
          KBS 뉴스 이재희입니다.
          촬영기자:권준용/영상편집:이현모/그래픽:한종헌
          이재희 기자 (leej@kbs.co.kr)
          
        "
20210116,22,"1,856",YTN,https://news.v.daum.net/v/20210116053414708,"[단독] 인권위에 진정 낸 육군 주임원사..""육군총장이 인격권 침해"""," 
         
          
           
            
             
            
           
          
          [앵커] 
          육군 간부인 주임원사 일부가 남영신 육군참모총장을 국가인권위원회에 진정하는 일이 일어났습니다. 
          지난해 화상회의 도중 남 총장으로부터 인격권을 침해당했다는 주장인데요. 
          남 총장은 진의가 왜곡돼 빚어진 일이라고 해명했습니다. 
          어떤 일인지 이승윤 기자의 단독 보도합니다. 
          [기자] 
          지난해 12월 21일, 남영신 육군참모총장과 육군 대대급 이상 부대의 최선임 부사관인 주임원사들 간의 화상회의가 열렸습니다. 
          연말을 맞아 부대 격려 차원에서 계획된 회의였는데, 논란은 그 다음에 불거졌습니다. 
          회의 사흘 뒤인 12월 24일, 주임원사 여러 명이 국가인권위원회에 남 총장의 발언에 대해 진정을 낸 겁니다. 
          주임원사들은 진정서에서 남영신 총장이 장교는 ""부사관에게 반말을 해도 된다""고 말해 인격권을 침해당했다고 주장한 것으로 알려졌습니다. 
          국가인권위 역시 진정을 해온 건 맞고, 육군참모총장을 상대로 이런 종류의 진정이 접수된 건 처음이라는 입장을 밝혔습니다. 
          이번 진정은 부사관 가운데 복무 기간이 가장 길고, 나이도 많은 주임원사들로서는 계급상으로는 장교가 더 높아도 서로 존대하는 게 일반적이라는 입장에서 비롯된 것으로 풀이됩니다. 
          남영신 육군총장은 이에 대해 장교와 부사관 간 상호 존중을 강조하면서 젊은 장교들이 부사관에게 존댓말을 써주는 것을 고맙게 생각해야 한다고 말했는데, 발언의 앞뒤를 다 잘랐다며 진의가 왜곡됐다고 해명했습니다. 
          앞서 국방부 내에서는 계급상 위인 한 대위가 부사관에게 '님'자 없이 상사라고 불렀다가 항의를 받는 하극상 논란이 불거져 국방부가 초급장교들을 대상으로 교육을 했다는 보도도 나왔습니다. 
          [문홍식 / 국방부 부대변인 (지난해 11월 말) : 내부적으로 사실 확인이 필요한 단계고 그런 내용들이 사실 확인을 하는 그런 단계라고 이렇게 말씀을 드리겠습니다.] 
          인권위 진정으로 이어진 육군 총장과 주임원사 간 논란에 군 내부 일부에서 우려가 일고 있는 가운데, 인권위의 조사결과에 관심이 쏠립니다. 
          YTN 이승윤[risungyoon@ytn.co.kr]입니다.
          
        "
20210116,23,"1,836",아시아경제,https://news.v.daum.net/v/20210116203115394,"추미애 ""출국금지는 법무부장관 권한"" vs 유상범 ""장관은 긴급출금 승인권 뿐"""," 
         
          
           
           
            추미애 법무부 장관(왼쪽)과 유상범 국민의힘 의원.
           
          
          [아시아경제 최석진 기자] 김학의 전 법무부차관에 대한 출국금지 과정에서의 절차적 위법성에 대한 논란이 점점 커지고 있는 가운데 추미애 법무부장관이 ""출국금지는 법무부 장관의 권한""이라며 직접 해명에 나섰다.
          하지만 이 같은 추 장관의 주장에 대해 유상범 국민의힘 의원은 ""법무부 장관은 긴급출국금지 요청 권한이 없다""며 즉각 반박하고 나섰다.
          법무부나 추 장관의 해명은 어차피 법무부장관에게 출국금지 권한이 있기 때문에 2019년 3월 이규원 검사가 긴급출국금지를 요청하는 과정에 절차적 문제가 있었더라도 출금 자체의 정당성이 부정될 수는 없다는 취지다.
          반면 유 의원은 당시 출금은 일반적인 출국금지가 아니라 긴급출국금지였고, 법률상 긴급출국금지 요청은 수사기관이 하는 것이고 장관은 사후 승인권이 있을 뿐인데, 법무부가 전혀 다른 법률조항을 근거로 들어 초점을 흐리며 법기술을 발휘해 불법 긴급출국금지를 정당화하려 한다는 입장이다.
          
           어느 쪽의 법해석이 맞는지는 장차 검찰의 수사와 관련자들에 대한 법원의 재판을 거쳐 법률의 최종 해석권을 가진 사법부가 판단하겠지만, 그 전까지 김 전 차관 출국금지의 적법성을 둘러싼 논란은 피하기 어려울 전망이다.추미애 페이스북에 ""출금은 장관의 권한… 국민이 원하는 검찰개혁에 반하는 '극장형 수사'""
          
          추 장관은 이날 오후 5시께 자신의 페이스북에 '진실로 국민의 검찰이 되기 바랍니다'라는 제목으로 올린 글에서 ""일부 언론의 대대적 보도 이후 벌어지고 있는 '김학의 전 차관 출국금지 소동'은 검찰이 김학의 전 차관에 대한 '제식구 감싸기' 수사에 대한 진정한 사과는 커녕 검찰과거사위원회의의 활동 및 그에 따른 정당한 재수사까지 폄훼하는 것""이라고 밝혔다.
          이어 ""또한 여전히 검찰이 수사권을 스스로 자제하지 못하고 국민이 원하는 검찰개혁에 반하는 행태라고 하지 않을 수 없다""고 지적했다. 그는 ""시계바늘을 거꾸로 돌려놓고 그 분들을 일부러 '추라인'이라고 짜깁기하는 것을 보니 누구를 표적을 삼는 것인지 그 저의가 짐작된다""며 2019년 사건 발생 당시 김 전 차관 출금에 관여했던 법무부 간부들을 자신과 연결짓는 일부 언론보도에 대한 불만도 드러냈다.
          이어 ""지푸라기라도 잡아내 언론을 통해 여론몰이를 먼저 한 다음 마치 커다란 불법과 조직적 비위가 있는 사건인 양 사회적 관심과 주목을 형성한 후 수사의 불가피성을 내세우는 전형적인 '극장형 수사' 를 벌이려는 느낌을 지울 수가 없다""고 했다.
          그러면서 2013년 황교안 장관이 참고인에 대해 장관 직권으로 출금 조치를 했던 사례를 들며 ""민간인사찰 의혹이 있으며, 사건번호가 없다는 것이 문제라는 검찰 논리대로라면 그 사안이야말로 수사 대상인 것""이라고 지적했다.
          추 장관은 ""출국금지는 법무부장관의 권한""이라며 ""법무부장관은 수사기관의 요청이 없더라도 직권으로 출국금지 할 수 있다""고 강조했다. 그러면서 그는 '법무부장관은 범죄 수사를 위하여 출국이 적당하지 아니하다고 인정되는 사람에 대하여는 1개월 이내의 기간을 정하여 출국을 금지할 수 있다'고 정한 출입국관리법 제 4조 2항을 근거조항으로 들었다.
          또 그는 ""검사는 단독제 행정 관청으로 출금요청을 할 수 있는 수사기관이고 장관이 직권으로 할 수 있는 것을 수사기관 요청에 근거해 출금조치하였다고 하더라도 부적법한 것이 아니다""고 주장했다.
          추 장관은 ""설령 검사의 출금요청에 검사장 관인이 생략된 것이 문서양식상 문제라 하더라도 당시 검찰 수뇌부는 이를 문제삼기는 커녕 출금요청을 취소하지 아니하고 오히려 출금을 연장요청하면서 관련 수사를 진행했다""며 ""그렇다면 대검은 스스로 수사하고 출금연장 요청한 것에 대하여는 묵비한 채 일개 검사의 출금요청서에 관인이 없다는 것을 문제삼는 것은 대검과 수뇌부가 책임져야할 것을 일개 검사에게 미루는 것이 된다""고 꼬집었다.
          마지막으로 그는 ""'국민의 검찰'을 약속한 검찰이 새해 벽두에 제식구 감싸기로 국민을 더 이상 실망시키지 않기를 바란다""고 글을 마무리했다.
          이날 추 장관의 페이스북 글이 올라오기 3시간 전 법무부는 출입기자들에게 보낸 알림 문자를 통해 ""김학의 전 차관의 심야 해외출국 시도에 따라 이뤄진 긴급출국금지 일부 절차와 관련한 논란은 출입국관리법상 '법무부장관이 직권으로 출국금지를 할 수 있는 권한'이 있는 점에 비춰 볼 때, 출국금지 자체의 적법성과 상당성에는 영향을 미칠 수 없는 부차적인 논란에 불과하다""고 입장을 밝혔다.
          
           이어 ""수사기관의 요청 없이 법무부장관 직권으로 출국금지한 전례도 있다""고 덧붙였다.유상범 ""장관은 긴급출금 요청 권한 없어… 전혀 다른 규정으로 초점 흐리는 것""
          
          한편 추 장관의 글이 올라온지 1시간 30분 뒤인 이날 오후 6시 30분 유상범 국민의힘 의원은 자신의 페이스북에 '법무부장관은 범죄수사가 없는 이상 직권으로 (긴급)출국금지를 할 수 없다'는 글을 올려 추 장관의 주장을 정면 반박했다.
          유 의원은 ""오늘 법무부가 출입국관리법 제4조 2항에 범죄수사를 위해 장관도 직권으로 출국금지를 할 수 있고, 김 전차관이 국외 도피가능성 우려가 컸으므로 긴급출국금지 요청이 없었으면 장관이 직권으로 할 수 밖에 없었고, 하지 않으면 직무유기라고 주장하며 긴급출국금지조치가 불법이거나 법적 절차를 무시한 것이리는 주장은 법리 오해 및 사실오인이라고 해명했다""고 전제했다.
          이어 ""법무부의 해명은 법기술을 발휘해 불법 긴급출국금지를 정당화하려는 무법부의 헛된 발버둥에 불과하다""며 ""스스로 법치주의를 훼손하는 주장을 하고 있다""고 지적했다.
          이후 유 의원은 ▲전혀 관련없는 규정을 이용해 해명하며 촛점을 흐렸다 ▲긴급출국금지는 법무부장관이 직권으로 할 수 없다 ▲긴급출국금지 대상은 범죄 피의자다 ▲긴급출국금지 요청은 수사기관의 장에게 주어진 권한이다 ▲출입국관리법 제4조 2항에 따라도 범죄 수사가 개시되지 않으면 직권으로 출국금지 할 수 없다는 5가지 논거를 들어 법무부와 추 장관의 해명을 반박했다.
          우선 그는 ""긴급출국금지는 출입국관리법 제4조의6에 근거하고 있으며 법무부장관이 직권으로 가능하다고 하려면 위 규정의 해석에 따라 가능하다고 했어야 한다""며 ""그것이 불가능하니 위 규정을 전혀 언급하지 않고 일반적 출국금지 규정인 제4조 2항을 끌어들여 설명하면서 초점을 흐리고 논리적으로 연결되지 않음에도 불법성이 없는 것처럼 호도했다""고 꼬집었다.
          지금 논란이 된 건 수사 권한이 없는 이규원 검사가 서류를 조작해 입건도 안 된 김 전 차관에 대한 긴급출국금지를 요청한 것이 불법이냐, 적법하냐는 것인데 법무부나 추 장관은 긴급출국금지에 관한 근거규정이 아닌 일반 출국금지 규정을 들어 사태의 본질을 흐리고 있다는 지적이다.
          유 의원은 ""긴급출국금지를 규정한 출입국관리법 제4조의6 1항, 3항은 '수사기관'이 긴급한 경우 긴급출국금지를 요청하고, 6시간 내 법무부장관에게 긴급출국금지 승인요청을 하도록 규정하고 있다""며 ""즉, 범죄 수사 중 피의자가 해외 도주를 시도하는 긴급한 상황에 효율적으로 대처하기 위해 수사기관에게만 긴급출국금지 요청권을 주었고, 법무부장관은 그 요청에 대해 승인권만 있을 뿐""이라고 주장했다.
          이어 ""법무부장관이 출국금지의 명령권자라고 해서 수사기관의 요청없이 직권으로 긴급출국금지를 할 수 없다""고 다시 한 번 강조했다.
          실제 출입국관리법상 긴급출국금지 제도는 장관이 직권으로 범죄 피의자에 대한 출국금지를 요청하는 것이 아니라 수사기관이 증거인멸이나 도주의 우려가 있는 피의자에 대해 긴급하게 출국금지를 요청하고 사후에 장관의 승인을 받는 제도다.
          출입국관리법 제4조의6(긴급출국금지) 1항은 '수사기관은 범죄 피의자로서 사형·무기 또는 장기 3년 이상의 징역이나 금고에 해당하는 죄를 범하였다고 의심할 만한 상당한 이유가 있고, 다음 각 호의 어느 하나에 해당하는 사유(증거인멸 혹은 도망 우려)가 있으며, 긴급한 필요가 있는 때에는 제4조 3항에도 불구하고 출국심사를 하는 출입국관리공무원에게 출국금지를 요청할 수 있다'고 규정하고 있다.
          또 같은 조 3항은 '수사기관은 1항에 따라 긴급출국금지를 요청한 때로부터 6시간 이내에 법무부장관에게 긴급출국금지 승인을 요청하여야 한다'고 정하고 있다.
          유 의원은 ""이규원 검사가 긴급출국금지 요청서에 기재한 중앙지검 사건은 무혐의 종결된 것이고, 승인요청서에 기재된 동부지검 내사사건은 허위의 사건번호다""며 ""김학의 전 차관은 향후 범죄수사를 받을 가능성은 있으나 범죄 피의자가 아니었고, 내사에 따른 수사를 받는 사람조차 아니었다. 김학의 전 차관이 과거사진상조사의원회의 조사 대상일 뿐, 수사 대상이 아니라는 것은 법무부도 알고 있다""고 꼬집었다.
          이어 ""(법무부가) 도주의 우려가 있어서 불가피했다는 변명은 목적을 위해서는 절차적 불법을 자행해도 된다는 자백과 다름이 아니다""며 ""특히, 긴급출금 요청서의 사건과 승인요청서의 사건이 검찰청, 사건번호가 달랐다. 요청에 따른 승인이 아니며 승인 또한 부적법하다. 법무부는 왜 승인했는지 진상을 밝혀야한다""고 지적했다.
          유 의원은 ""출입국관리법 제4조의6 1항, 시행령 제5조의2에 의해 '수사기관의 장'인 검사장, 또는 지청장이 긴급출금을 요청할 권한을 갖는다""며 ""이규원 검사가 검사이므로 독립관청으로 수사기관인 것은 맞다. 그러나, 당시 진상조사단 파견검사의 신분에서 직접 수사할 권한이 없었을뿐 아니라, 소속된 기관(당시 동부지검 검사직무대리 발령)이 아닌 중앙지검의 사건을 사유로 긴급출금을 요청할 권한은 더욱 없다""고 강조했다.
          이어 ""이규원 검사가 중앙지검장의 권한을 불법적으로 행사했음이 명백히 드러나는데, 법무부가 알면서도 그 요청을 받아들인 이유 또한 반드시 규명되어야 한다""며 ""법무부의 해명은 아무런 의미가 없다""고 덧붙였다.
          그는 ""출입국관리법 제4조 2항에 따라도 범죄 수사가 개시되지 않으면 직권으로 출국금지 할 수 없다""며 ""위 규정에 의하면 '범죄수사를 위하여' 필요한 경우에 법무부장관이 직권으로도 출국금지할 수 있기 때문에 범죄수사가 개시되는 경우로 해석하며, 정식으로 피의자로 입건되지 않아도 적어도 내사단계에서 수사가 진행되고 있어야 하는 것""이라고 지적했다.
          이어 ""범죄수사가 개시되지 않은 이상 출국금지할 사유가 없기 때문이다. 범죄수사를 위하여 출국금지를 하는데 범죄수사가 없다면 출국금지는 있을 수 없다""고 덧붙였다.
          유 의원은 ""그 당시 법무부장관이 직권으로 출국금지할 수 있었거나 긴급출국금지하는게 적법했다면 왜 직권으로 하지 않았는가? 번거롭게 허위 사건번호로 권한도 없는 검사가 긴급출금을 요청하게 했는가?""라고 반문했다.
          이어 ""직권으로 출금이 불가능했기 때문이다""고 했다.
          그는 추 장관과 법무부가 황교안 장관 사례를 이번 사건과 유사한 전례로 든 것에 대해서도 이의를 제기했다. 그는 ""법무부는 2013년 법무부장관이 직권으로 출국금지를 한 사례가 있다고 주장한다""며 ""김학의 전 차관의 사례와 같이 피의자나 피내사자가 아닌 상태에서 범죄수사를 위해 출금한 것인지를 밝혀야 한다""고 지적했다.
          마지막으로 유 의원은 ""법리 오해도 사실오인도 아니다. 불법이 난무한 것이다""며 ""손바닥으로 하늘을 가릴 수 없다. 무의미하고 설득력 없는 해명으로 불난데 기름을 붓는 일만 하고 있다""고 꼬집었다.
          최석진 기자 csj0404@asiae.co.kr
          
        "
20210116,24,"1,818",한국일보,https://news.v.daum.net/v/20210116140002660,"""아기·산모 표현 쓰지 마세요"" 정부 대신 만든 임신 중지 가이드"," 
         
          
           
           
            상담자와 의료인을 위한 임신중지 가이드북을 만든 시민단체 '셰어'의 최예훈(왼쪽) 기획위원과 나영 대표. 박고은 PD
           
          
          
           
            
             
            
           
          
          “이제 임신중지는 부모나 상대방 남성 등 제3자의 동의 없이도 임신중지를 원하는 여성 본인의 의지만으로 이뤄질 수 있게 됐죠. 상담사와 의료인은 이를 바탕으로 올바른 정보와 선택지를 제시하고 여성의 선택을 지원해야 합니다.”
          '낙태죄'가 사라진 2021년. 아직 합법적 임신중지를 위한 의료 서비스 추진 체계는 갖춰지지 않았다. 임신중지를 원하는 여성도, 다양한 환경의 여성을 마주하는 상담사도, 수술을 집도하는 의료인마저도 임신중지가 합법화한 세상에서 무엇을 기준으로 행동해야 하는지에 대한 가이드라인은 여전히 없다.
          낙태죄 폐지 운동을 이끌어온 시민단체인 '성적권리와 재생산정의를 위한 센터 셰어'(이하 셰어)의 활동가들과 산부인과 전문의들은 지난해부터 낙태죄 없는 세상에서 사용될 가이드북 마련에 머리를 맞대왔다. 정부가 관련 법 개정을 핑계로 미뤄온 작업에 먼저 팔 걷고 나선 것이다.
          그 결과 지난해 12월 ‘상담자와 의료인을 위한 임신중지 가이드북 곁에, 함께’가 나왔다. 정보 제공과 상담부터 사후관리까지 임신중지에 대한 포괄적 지원을 목표로 했다. 상담할 때 필요하거나 피해야 할 표현부터 임신중지를 위한 약물 치료, 수술 방법까지 담았다. 성폭력을 당한 내담자나 청소년·이주여성·장애여성 등 별도 지원이 필요한 경우의 상담 지침도 마련해 실었고, 셰어 홈페이지에서 가이드북 전문을 다운받을 수 있게 했다(바로가기). 
          가령 지금까지는 임신중지 상담 중에 '아기'나 '엄마', '산모' 같은 표현이 여과 없이 쓰였다. 일상적인 단어들이지만, 출산이나 양육을 전제한 표현이기 때문에 임신중지를 원하는 내담자에겐 죄책감이나 부담감을 줄 수 있다. 중립적 단어인 '임신'으로 대체하거나 그냥 내담자의 이름을 쓰는 게 낫다. '가족들 도움을 받으면 된다'는 등 내담자가 주위와 특정 관계를 갖고 있음을 전제하는 표현도 내담자가 마음을 여는 걸 방해할 수 있다. 
          
           
           
            '모두를위한낙태죄폐지공동행동' 관계자들이 지난해 12월 31일 서울 여의도 국회 앞에서 열린 낙태죄 없는 2021년 맞이 기자회견에서 구호를 외치고 있다. 연합뉴스
           
          
          8일 서울 중구 한국일보 사옥에서 만난 나영(활동명) 셰어 대표와 산부인과 전문의인 최예훈 셰어 기획위원은 “임신중지가 불법인 시기엔 임신중지 대신 출산을 유지하거나 출산 후 입양하는 방향으로 상담이 이뤄져 왔고, 시술을 하는 의료 현장도 법을 우회하는 방법을 고민할 수밖에 없었다. 하지만 이제는 좀 더 실질적인 정보와 자료가 필요해졌다”며 가이드북 발간 이유를 밝혔다.
          이들이 가이드북을 만들면서 주로 참고한 것은 세계보건기구(WHO)의 임신중지 가이드라인과 1988년부터 임신중지가 합법화한 캐나다 브리티시컬럼비아주의 의료인 대상 가이드북이다. 나영 대표는 “임신중지 여성들에게 동일한 안내를 하는 것이 아니라 청소년·이주민·성소수자·HIV(에이즈) 감염인 등 다양한 사례에 대해 갈수록 세분화한 지원이 이뤄져야 한다는 점이 강조되고 있다”고 설명했다. 
          이들은 의료진도 임신중지를 여성의 권리라는 관점에서 바라봐야 한다고 말했다. 최 기획위원은 “의료인들은 지금까지 정규 교육과정에서 직접 인공 임신중지를 배우지 않았지만 자연유산을 종료하는 의료 행위가 사실 인공 임신중지와 크게 다르지 않아 기술적인 부분은 우회적으로 배워왔다”며 “임신중지에 대해 부정적 낙인을 찍어온 사회적 인식을 바탕으로 임신중지를 대해왔던 일부 의료인들의 시각이 바뀌는 게 중요하다”고 말했다. 
          이들이 가이드북을 통해 의료진과 상담사에게 제시하는 원칙은 △경청하기 △예단하지 않기 △성찰하기 △내담자를 신뢰하고 존중하기다. 나영 대표는 “여성은 다양한 상황에서 임신을 하고 임신중지를 결정할 수 있다. 슬프고 힘들 수도 있지만 그렇지 않을 수도 있으며, 감정적 지지가 필요한 경우도 있지만 정보 제공만 필요할 수도 있다. 어떤 상황에서 왔는지를 상담사나 의료진이 예단하지 않고 우선 경청한 다음 선택지를 제시한 뒤 여성의 선택을 지지하고 확신을 주는 방식의 도움이 단계적으로 필요하다”고 강조했다.
          앞으로 풀어야 할 과제도 남았다. 나영 대표는 “건강보험 적용과 수가 조정, 유산유도제 도입을 임신중지 관련 정책의 우선 순위 과제로 진행해야 한다”고 제안했다. 임신중지뿐 아니라 생애 전반에 걸친 성(性)과 재생산에 대한 올바른 정보 제공도 필요하다. 나영 대표는 “임신중지가 유방암을 유발한다는 식의 근거 없는 정보나 임신중지 약물에 대한 잘못된 정보 등이 검증 없이 온라인에 퍼져 있다”며 “외국에서는 임신중지뿐 아니라 피임과 성 건강, 임신에 이르기까지 성과 재생산에 대한 폭넓은 정보를 제공하는 공식 웹사이트를 만들고 핫라인까지 연결해 정보 접근성을 높이면서 지원도 용이하게 하고 있다”고 말했다.
          
           
           
            임신중지를 원하는 여성을 대하는 상담사가 알아야 할 의료 정보를 담은 가이드라인. 셰어 제공
           
          
          박소영 기자 sosyoung@hankookilbo.com
          
        "
20210116,25,"1,757",한국일보,https://news.v.daum.net/v/20210116141500843,"與 검찰개혁특위 위원장이 윤석열에게 ""고맙다""고 한 이유는?"," 
         
          
           
           
            윤석열 검찰총장이 지난해 10월 22일 국회에서 열린 법제사법위원회의 대검찰청에 대한 국정감사에 출석하기 전 윤호중 법사위원장과 면담을 마친 뒤 나오고 있다. 오대근 기자
           
          
          “어떻게 보면 윤석열 검찰총장한테는 고맙다고 해야 할 것 같아요. 검찰개혁이 불가피한 상황을 스스로 만들었고, 2기 검찰개혁의 논리적 근거를 제공해줬잖아요. ”
          윤호중 더불어민주당 의원이 윤석열 검찰총장에게 되레 “고맙다”고 했다. 윤 의원은 국회 법제사법위원장이자 민주당 검찰개혁특별위원회 위원장이다. 올해부터 시행된 검ㆍ경 수사권 조정 외 검찰개혁에 속도가 붙지 않는 상황이었는데, 윤 총장이 민주당이 주도하는 검찰개혁이 가능하도록 계기를 제공해줬다는 뜻이다.
          윤 의원은 15일 밤 공개된 ‘김어준의 다스뵈이다’ 유튜브 방송에서 “검경 수사권 조정으로 검찰이 직접수사를 할 수 있는 범위가 6건으로 한정됐는데도, 검찰은 이에 대한 준비를 전혀 하고 있지 않다”며 이같이 말했다. 그러면서 “검찰은 검경 수사권 조정을 흔쾌히 받아들이지 않을 뿐만 아니라, 언제든 다시 권한을 되찾을 생각을 하고 있는 게 아닌가”라고 되물었다. 검찰의 ‘셀프 개혁’속도가 더디다고 비판하며 ‘검찰개혁 시즌2’의 필요성을 강조한 것이다.
          
           
           
            윤호중(왼쪽) 더불어민주당 검찰개혁특위 위원장이 12일 국회 의원회관에서 열린 더불어민주당 검찰개혁특위 4차 회의에서 백혜련 의원과 대화하고 있다. 뉴시스
           
          
          윤 의원은 검찰총장의 권한도 더 명시적으로 규정해 ‘윤석열 검찰총장 힘 빼기’에 나서겠다는 의지를 보였다. 그는 “검찰의 수사권을 분리하는 것 뿐 아니라 검찰총장의 지휘감독권이 자의적으로 행사되는 것에 대한 제동장치도 만들 것”이라고 했다. 민주당 검찰개혁특위는 △검찰총장의 수사지휘권 폐지 △검찰총장 인사권한 축소 등을 골자로 한 법무부 산하 법무ㆍ검찰개혁위원회의 권고안을 참고하고 있다.
          민주당은 검찰의 수사권을 완전히 박탈하는 ‘검찰개혁 시즌2’를 올해 안에 추진하겠다는 계획이다. 이낙연 민주당 대표는 7일 검찰개혁특위 회의에 참석해 “검찰청법과 형사소송법 개정안을 2월까지 국회에 제출하고, 그 안을 토대로 검찰개혁 추가 과제를 신속하고 착실하게 추진해가겠다”고 밝혔다.
          조소진 기자 sojin@hankookilbo.com
          
        "
20210116,26,"1,666",SBS,https://news.v.daum.net/v/20210116204808494,"경기도, 전 도민에 10만 원..""화수분 아니다"""," 
         
          
           
            
             
            
           
          
          <앵커>
          경기도가 전 도민에게 10만 원씩 주는 방안을 모레(18일) 발표하기로 했습니다. 그동안 이재명 지사가 전 국민 재난지원금을 주장해 온 만큼 경기도에서 실행에 나서는 것인데, 여당은 아직 유보적이고 정부는 부정적인 분위기입니다.
          한세현 기자가 보도합니다.
          <기자>
          경기도가 설 연휴 전에 전 도민에게 주겠다는 2차 재난기본소득은 1인당 10만 원입니다.
          지역화폐 카드 또는 신용카드 포인트로 받게 되는데, 1차 때는 못 받았던 외국인까지 이번에는 받게 될 것으로 보입니다.
          총예산은 1조 4천억 원.
          따로 지방채를 발행하지 않고 경기도가 자체 운용하는 기금만으로 재원을 충당할 계획인 것으로 전해집니다.
          전 국민 재난지원금을 주창해온 이재명 지사의 두 번째 실험인 셈입니다.
          [이재명/경기도지사 (지난해 12월) : (코로나 3차 대유행이) 장기적으로, 전면적으로 지금 일어나고 있기 때문에, 저는 여기에 상응하는 경제 지원대책이 별도로 필요하다고 판단하고 있습니다.]
          현재 3차 재난지원금이 선별 지급되고 있는 가운데, 4차 재난지원금에 대해서 여당은 유보적인 입장입니다.
          이낙연 대표는 ""고려할 요소들이 여러 가지가 있다""며 ""방역에 집중하면서 앞으로 상황에 유연하게 대처하겠다""고 했고, 여당 최고위원은 ""경기도가 혼자 빨리 가려 하면 안 된다""며 이재명 지사를 겨냥하기도 했습니다.
          [김종민/더불어민주당 최고위원 (MBC 라디오 '김종배의 시선집중') : 적시에 어떤 재정 투입을 하는 게 언제쯤 될 거냐, 사실 이런 것들에 대한 방역당국과 정부 당국의 전문적 판단이 필요한데….]
          ""정부 재정은 화수분이 아니""라며 4차 재난지원금을 주더라도 선별 지급해야 한다고 했던 홍남기 경제부총리의 말처럼 정부는 일단 부정적인 쪽입니다.
          이 지사가 말을 행동에 옮기면서 경기도의 성패에 따라, 재난지원금 논쟁이 다시 불붙을 가능성도 커졌습니다.
          (영상취재 : 박진호, 영상편집 : 유미라)  
          한세현 기자vetman@sbs.co.kr
          
        "
20210116,27,"1,655",연합뉴스,https://news.v.daum.net/v/20210116154128614,한파 속 빌라단지에서 신생아 숨진 채 발견..20대 엄마 검거," 
         
          (고양=연합뉴스) 권숙희 기자 = 16일 한파주의보가 내려진 날씨 속에 탯줄도 안 뗀 신생아가 빌라 단지에서 숨진 채로 발견돼 경찰이 수사에 나섰다.
          이 단지에 거주하는 20대 여성이 용의자로 경찰에 검거됐다.
          경기 일산서부경찰서에 따르면 이날 오후 1시께 고양시 일산서구의 한 빌라 단지 건물과 건물 사이에서 갓 태어난 여아가 숨져 있는 것을 주민이 발견해 신고했다.
          숨진 신생아는 발견 당시 알몸 상태였으며, 탯줄도 달려 있었다.
          이날 고양지역에는 한파주의보가 내려질 정도로 날씨가 추워, 발견 당시 아기의 몸은 얼어있었던 것으로 전해졌다.
          경찰은 용의자를 추적해 이 빌라 단지에 사는 20대 여성 A씨를 검거했다.
          경찰은 A씨를 상대로 아기의 출산 및 사망 시점과 유기한 이유 등 정확한 경위를 조사할 예정이다.
          또 정확한 사망 원인을 규명하기 위해 국립과학수사연구원에 숨진 아기에 대한 부검을 의뢰할 방침이다.
          
           
           
            영아 유기(PG) 이 사진은 기사와 직접적인 관련이 없습니다. [제작 이태호] 사진합성, 일러스트
           
          
          suki@yna.co.kr
          
           
          
          
        "
20210116,28,"1,557",뉴스1,https://news.v.daum.net/v/20210116090204555,"대한민국은 '소멸'로 간다..""인구 데드크로스 놀랍지도 않아"""," 
         
          
           
           
            © News1 최수아 디자이너
           
          
          (서울=뉴스1) 양새롬 기자 = ""연애와 결혼, 출산을 포기한 세대를 일컫는 '삼포세대'란 말이 지금으로부터 꼭 십 년 전에 나왔다고 한다. 또 포기해야 할 게 너무 많은 나머지 숫자가 들어갈 자리를 비워둔 'N포세대'란 말도 나온 지 꽤 됐다. 그렇게 생각하면 '인구 데드크로스'(dead cross)는 전혀 놀라운 일이 아니다.""
          사회초년생인 김모씨(27)는 '대한민국 소멸론'까지 불러온 인구 데드크로스에 대해 16일 뉴스1에 이같이 말했다.
          김씨는 ""결혼과 출산이 필수라고 생각하던 시대는 이미 예전에 끝났다""며 ""뉴스를 보면 연봉을 한 푼도 안 쓰고 모아도 36년이 걸려야 서울에 25평 아파트를 살 수 있다고 한다. 현재로선 미래를 생각할 수 없다는 게 정확한 표현""이라고 지적했다. 
          직장인 손모씨(30)는 수년간 만난 남자친구가 있지만 결혼 계획이 없다. 손씨는 ""한국의 가족문화와 결혼제도가 여전히 폐쇄적이고 가부장적이어서 '정상가족'을 벗어난 다양한 삶의 형태에 대해 존중하지 않기 때문""이라고 했다. 
          이어 ""나 한 사람의 삶을 영위해나가는 것만으로도 벅차 출산계획도 없다""며 ""지방에 있는 부모님이 터전을 버리고 서울에 올라올 수 없는 상황에서 돌봄노동은 전적으로 내몫이 될 텐데, 아이와 내가 건강한 삶을 살아갈 수 있을 것이란 자신이 없다""고도 했다. 
          특히 그는 정부가 단순히 '아이를 낳는' 것이 아니라, 아이와 보호자가 존중받으며 살아갈 수 있는 사회를 위해 어떤 노력을 하고 있는지 잘 모르겠다고 비판했다. 그러면서 ""사회가 돌봄을 책임질 수 있는 제도적 지원 기반이 먼저 마련돼야 아이를 낳아도 되겠다고 안심할 수 있지 않을까""라고 반문했다.
          올해 결혼을 준비 중인 장모씨(34)는 가급적 빨리 아이를 낳고 싶지만 고민이 크다. 장씨는 ""당장 회사 선배만 봐도 친정에 아이를 맡기고 복직해 고생하는게 눈에 훤히 보인다""며 ""고용 불안이나 주거 불안정 등 경제적인 고민이 여전한데다 맞벌이 부부의 육아를 위한 지원도 없으니 출산계획을 세우기가 부담스럽다""고 털어놨다. 
          이들은 이처럼 원인이 다양하고 복합적인 만큼 해결책도 여러 가지가 동시에 제시돼야 한다고 입을 모았다. 
          김씨는 ""나도 상대도 아무것도 없는 상태에선 선택지에 아예 결혼이 없을 수밖에 없다. 결혼을 할 수 있는 상황 자체를 만들어주는 게 첫 번째 단계라고 생각한다""고 답했다. 
          장씨는 저출산 문제에 대한 실효성 있는 대책이 마련되지 않은 점을 지적했다. 그는 ""프랑스처럼 돌봄 종사자를 고용할 수 있는 양육비가 지원되면 부모가 경제활동을 안정적으로 지속하면서 출산에 대한 부담을 줄일 수 있을 것""이라고 제안했다. 
          다만 출산장려책에 있어서도 섬세한 접근이 필요하다는 게 중론이다. 장씨는 ""현재는 아이 한 명 당 얼마, 이런 식으로 한번에 지원금이 나오는데 각 가정 소득에 따른 양육비를 주는 게 더 실효성 있지 않겠나""라고 언급했다. 
          손씨도 최근 창원시가 신혼부부에게 1억원을 저리로 대출해주고 아이를 셋 낳으면 원금을 전액 탕감해주겠다고 발표한 것과 관련해 구시대적인 발상이라고 비판했다. 손씨는 ""여성을 아이 낳는 기계로밖에 보지 않는 것 같아 몹시 기분이 나빴다""고 했다. 
          일각선 당장 결혼과 출산에 관심이 없는 여성을 위한 지원책도 장기적으로 마련돼야 한다는 지적이 나온다. 결혼과 출산이 늦어지는 만큼 미래의 난임을 대비해야 한다는 논리다. 
          해외발령을 앞둔 하모씨(40)는 지난해 가을, 난자를 냉동했다. 꼭 아이를 낳아야 한다고 생각하지는 않지만, 미래의 자신에게 '출산 선택권'을 주기 위해 내린 결정이다. 기혼자가 아니어서 보험 적용은 받지 못했다. 
          하씨는 ""몇년 전부터 결혼한 친구들에게 추천을 많이 받았다""며 ""저 역시 해외발령을 앞두고 맘을 먹게 됐지만, 방송인 후지타 사유리씨의 비혼 출산 보도 이후로 제가 다니는 병원에도 문의가 많아졌다고 한다""고 전했다. 
          이같은 정부 지원 뿐 아니라 사회적 조건이 제대로 조성돼야 한다는 지적도 있다. 손씨는 ""당장 '웰컴투비디오' 같은 사건에도 강력한 처벌이 내려지지 않는 사회에서 아이를 낳아도 될 지 여성들 사이에선 공포감이 큰 게 사실""이라고 했다.
          flyhighrom@news1.kr 
          
        "
20210116,29,"1,500",뉴시스,https://news.v.daum.net/v/20210116100837362,"하태경 ""대통령과 대화하고 싶으면 '머저리'라 비난해야 하나"""," 
         
          
           
           
            [서울=뉴시스]국회사진기자단 = 국민의 힘 하태경 의원이 8일 서울 용산구 합동참모본부에서 열린 국회 국방위원회 국정감사에서 질의하고 있다. 2020.10.08. photo@newsis.com
           
          
           [서울=뉴시스] 최서진 기자 = 하태경 국민의힘 의원이 16일 ""앞으로 야당이 대통령과 더 과감히 대화하고 싶으면 북한처럼 특등 머저리라 비난해야 하나""라고 반문했다.
          하 의원은 ""민주당 윤건영 의원이 김여정이 한국 정부를 특등 머저리라고 비난한 것에 대해 더 과감히 대화하자는 뜻이라고 한다. 엽기적 해석""이라며 ""윤 의원은 대통령의 최측근이란 사람인데 측근이 대통령 욕보이는 방법도 가지가지""라고 일갈했다.
          이어 ""윤 의원처럼 해석한다면 야당도 대통령과 대화하고 싶을 때 특등 머저리라고 비난해도 된다는 뜻이 아니겠나""라고 되물었다.
          그는 ""아무리 북한에 대해선 눈에 콩깍지가 씌웠다고 하지만 앞뒤 분간은 하길 바란다""며 ""김여정 감싸기 위해 한국 정부와 대통령까지 욕보이는 윤 의원의 엽기적 상상력에 헛웃음만 나온다""고 전했다.
          앞서 윤 의원은 지난 15일 YTN 라디오 '황보선의 출발 새아침'에서 김여정 북한 노동당 부부장이 정부를 향해 ""특등 머저리""라고 비난한 데 대해 ""이왕 (대화를) 하려면 조금 더 과감하게 하자는 요구를 속에 담고 있다고 생각한다""고 해석했다.
          ☞공감언론 뉴시스 westjin@newsis.com 
          
        "
20210116,30,"1,423",머니투데이,https://news.v.daum.net/v/20210116071003573,"샤워 중인데 문 '벌컥'..""집주인이라고 막 들어와도 되나요?"""," 
         
          
           
           
            임종철 디자인기자 / 사진=임종철 디자인기자
           
          
          안암동에 거주하는 대학생 A씨(24)는 최근 자신의 원룸 현관을 들어서면서 깜짝 놀랐다. 처음 보는 상자가 신발장에 놓여 있었기 때문이다. 무서운 마음에 집주인에 문의하니 ""좁은 복도에 택배 있으면 불편해 넣어놨다""고 설명했다. A씨는 ""몰래카메라가 있을까봐 며칠간 불안감에 시달렸다""고 했다.
          대학생 세입자의 방을 무단으로 침입하는 집주인들이 여전히 많은 것으로 나타났다. 갑작스런 방문에 학생들은 불안을 느끼지만 불이익이 걱정돼 제대로 항의조차 못하는 상황이다.
          
           
           
           
            ━
           불쑥 들어와 ""집 둘러보고 싶다""
           
            ━
           
           
           춘천에서 대학을 다니는 최모씨(25)도 최근 비슷한 상황을 겪었다. 그가 방에서 컴퓨터를 하던 도중 현관문을 여는 소리가 났다. 그 누구도 방문 예정이 없었기에 깜짝 놀란 최씨는 바로 현관문을 바라봤고 이내 임대인이 들어왔다. 
          
          아무런 사전 통보 없이 등장한 임대인은 ""문 부속품을 교체하겠다""며 이를 수리하고 나갔다. 최씨는 ""샤워를 하고 나왔는데 집주인이 방을 보여주러 찾아온 적도 있다""고 밝혔다.
          안암동에 거주하는 이모씨(24)도 늦은 저녁 집주인이 방을 찾아와 곤혹스러웠다고 전했다. 이씨는 ""늦은 저녁 여자친구와 함께 있을 때 집주인이 다짜고짜 들어왔다""며 ""그러더니 '집 상태를 보고싶다'며 방을 태연히 둘러 보고 나갔다""고 말했다. 
          하숙집의 상황은 더욱 심각하다. 구로의 한 하숙집에 거주 중인 김모씨(27)는 최근 슬리퍼를 다시 사야했다. 김씨가 외출한 사이 집주인이 김씨가 신던 슬리퍼를 묻지도 않고 버렸기 때문이다. 김씨는 ""정당하게 돈 내고 들어와 사는 개인 공간인데 자유를 침해받았다는 사실이 믿기지 않았다""고 밝혔다.
          방을 보러오겠다는 이에게 세입자 방의 비밀번호를 알려주는 사례도 있었다. 종암동에 거주하는 김모씨(24)는 ""최근 방을 보러 다닐 때 집주인이 방 비밀번호까지 알려줬다""면서 ""찾아가니 속옷이 밖에 나와 있어 매우 당황했는데, 집주인이 방 보러 들어간다는 것을 안 알려줬다고 느꼈다""고 했다. 
          
           
           
           
            ━
           불이익 걱정에 항의도 어려워…""무단 출입은 주거침입죄""
           
            ━
           
           
           언제 누가 찾아올지 모른다는 불안에 시달리지만 학생들은 불이익을 우려해 항의에 나서지 못하고 있다. 최씨는 ""집에 없을 때 집주인이 찾아와 안좋은 일을 벌일까 걱정됐다""고 밝혔다. 김씨 역시 ""보증금 문제도 있고 금전적인 문제가 걱정돼 항의하지 못했다""고 설명했다.
          
          법조계에서는 세입자가 허락하지 않은 출입은 집주인이라도 주거침입죄에 해당한다고 말한다. 리라 법률사무소의 김현중 변호사는 ""동의 없이 임의로 들어가는 것은 주거침입""이라면서 ""임대인이 임대차계약을 해서 임차인에 목적물을 인도해주면 점유권이 임차인에게만 있기 때문""이라고 설명했다. 
          결국 세입자 방에 무단으로 들어가는 행위가 법적 처벌이 가능하다는 인식이 널리 퍼져한다는 목소리가 나온다. 법무법인 오른의 백승협 변호사는 ""함부로 들어갈 수 없고 처벌받을 수 있다는 것을 임대인 측에서 충분히 이해할 필요가 있다""고 강조했다.
          
           김나현 기자 itsmena@mt.co.kr, 정한결 기자 hanj@mt.co.kr
          
          
        "
