Date,Rank,Press,URL,Title,Main Article
20210111,1,JTBC,https://v.daum.net/v/20210111211212173,한파 속 '내복 차림'..그날 아이와 엄마에겐 무슨 일이," 
         
          
           
            
             
            
           
          
          
           [앵커]
          
          지난 주말 사이에 보도되면서 많은 시민들을 화나게 하고 또 마음을 아프게 했던 영상입니다. 영하 13도의 날씨에 내복 차림으로 발견된 다섯 살 아이입니다. 학대를 받다 세상을 떠난 정인이를 추모하는 분위기에서 시민들은 더 뜨겁게 반응했습니다. 당장 비난은 아이의 엄마에게 향하기도 했습니다. JTBC는 그날 아이에게 벌어진 일을 추적했습니다. 문제를 해결하기 위해선 무엇이 문제였는지 확인하는 게 우선이기 때문입니다. 취재진은 아이와 엄마 사이의 통화 내역, 그리고 아이의 팔찌에 주목했습니다. 처음 신고한 사람에게서 더 자세한 얘기도 들어 봤습니다.
          먼저 이자연 기자입니다.
          [기자]
          JTBC 취재진이 입수한 아동이 발견된 지난 8일, 아이와 엄마 A씨의 통화 내역입니다.
          A씨가 출근한 아침 10시 34분부터 20~30분 간격으로 연락이 이어집니다.
          [A씨/아이 엄마 : 아이가 어떻게 하고 있는지 계속해서 수시로 전화를 했거든요.]
          오후부터는 대부분 아이가 먼저 전화를 거는데 A씨는 받지 못하고, 나중에 다시 전화하는 일이 반복됩니다.
          그렇게 오후 5시까지 6시간 반 동안 모두 34번의 통화가 이뤄집니다.
          [A씨/아이 엄마 : 제가 마지막 통화가 5시였거든요.]
          그러다 5시 6분부터는 통화가 되지 않습니다.
          아이는 10차례 A씨에게 전화를 겁니다.
          연결되지 않았고, 아이는 40여분 뒤 길에서 시민들에게 발견됐습니다.
          최초 신고한 부부는 아이가 알려준 팔찌에 주목했습니다.
          미아 방지 팔찌입니다.
          이름과 연락처가 적혀 있었고, 바로 연락했습니다.
          하지만 휴대전화가 꺼진 상태였습니다.
          5시 55분쯤 아이를 발견해 보호 중이라는 문자를 보냅니다.
          2분뒤 경찰이 도착하고, A씨는 다시 5분이 지나 편의점에 도착합니다.
          [함정민/최초 신고자 : 아이가 엄마를 만났을 때 굉장히 반가워하면서 얘기를 많이 했거든요. 길을 잃었구나, 그 생각밖에 안 했지…]
          경찰은 조사 과정에서 신체적 학대 정황을 찾지 못했다고 밝혔습니다.
          [서울 강북경찰서 관계자 : (아이가) 굉장히 쾌활합니다. 밝습니다. 분리해서 진술 청취하고 몸도 확인해 봤는데 특별한 건 없었고…]
          다만, 아이가 밖에서 두 차례 발견된 점 등을 고려해 상습적으로 방치했는지를 더 조사할 예정입니다.
          아이가 다니던 어린이집은 취재진에 사건 전날까지 아이가 나왔다고 설명했습니다.
          학대가 의심되는 부분도 없었다고 밝혔습니다.
          ■ ""3년 전 헤어진 남편, 양육비 월 2만원 주다 말다…""
          [앵커]
          물론 아이의 엄마에게 어떤 책임이 있는지는 경찰 조사를 더 지켜봐야 합니다. 하지만 섣부른 비난은 한 가정, 더욱이 아이에게도 큰 상처로 남을 수 있습니다. 이 영상은 소식을 듣고 달려 들어온 엄마가 아이를 와락 안는 모습입니다. 이번엔 아이를 홀로 둔 엄마에 주목해 보겠습니다. 혼자서 아이를 키우는 엄마는 넉 달 전에 보호시설에서 독립했습니다. 생계를 위해 부업까지 해야 했고 아이와 시간을 보내기 위해 하루에 절반만 근무하길 원했지만 그것도 쉽지 않았다고 합니다.
          무슨 어려움들이 있었는지, 또 그 속엔 어떤 사회적 문제가 담겨 있는지 백민경 기자가 취재했습니다.
          [기자]
          남편과 이혼한 A씨는 3년 전 두 살배기 아이와 모자원에 들어갔습니다.
          살 곳도, 생활비도 없었기 때문입니다.
          남편에게서 양육비도 제대로 받지 못했습니다.
          매달 10만 원씩 받기로 했지만
          [A씨/아이 엄마 : 2만원씩, 그런 식으로. (3년 동안) 합쳐 봤자 30이 안 돼요. 20도 안 되나.]
          강제로 받는 절차를 알아보기엔 생계를 해결하는 게 우선이었습니다.
          모자원에선 자격증 공부를 하고, 넉 달 전 모자원을 나왔습니다.
          한부모 가정을 지원하는 사업 덕에 임대주택에 살 수 있게 된 겁니다.
          하지만, 생계와 보육은 다른 문제였습니다.
          돈을 벌기 위해 매일 직장에 나갔습니다.
          퇴근 후엔 부업도 했습니다.
          [부업하고 있거든요. 잡화 종류는 다 해봤던 것 같아요. 틈틈이 짬 날 때마다 계속했던 것 같아요.]
          '어린이집에 가기 싫다'고 할 때는 아이를 일터에 데리고 가야 했습니다.
          긴급 돌봄 서비스는 당일에 신청할 수가 없기 때문입니다.
          그래서 팔찌도 채워줬습니다.
          [순간 잠시만 한눈을 팔더라도 아이가 없어질 수 있잖아요. 아이 이름이랑, 생년월일, 제 전화번호가 있어요.]
          일을 줄이기도 쉽지 않았습니다.
          [반일근무를 해서 급여가 적어지면 어떻게 할 거냐고 물었을 때 항상 (아이와 생계라는) 저울을 가지고 있는 기분인 거죠.]
          
        "
20210111,2,중앙일보,https://v.daum.net/v/20210111122027462,"""엄마 휴대폰 꺼져 있었다""..4살 '내복 아이' 구한 신혼부부"," 
         
          
           
           
            지난 8일 오후 5시50분쯤 서울 강북구 우이동의 한 주택가에서 내복 차림으로 추위에 떨던 4세 여아가 시민의 도움으로 구조돼 편의점으로 들어오고 있다. [편의점 제공 CCTV 영상]
           
          
           영하 20도의 날씨에 내복만 입은 네 살 아이를 길에서 만난다면, 무엇을 어떻게 할 수 있을까.  서울에 35년만의 강추위가 몰아친 지난 8일 오후 5시 40분쯤, 서울 강북구의 한 주택가에서 이런 믿기 힘든 일을 맞닥뜨린 신혼부부는 처음엔 눈과 귀를 의심했다고 한다. 지난해 5월에 결혼한 이병근(30)·함정민(29)씨는 당시 상황을 중앙일보와의 인터뷰에서 담담히 이야기했다. 
          ━ 울음소리 따라가 보니 ‘내복 아이’  부부는 강북구 우이동의 한 편의점에서 물건을 사서 나오고 있었다. 그런데, 어디선가 울음소리 같은 게 들려왔다. 소리를 따라가 보니 한 아이가 내복 차림으로 벌벌 떨고 있었다.  “이 추운 날씨에 겉옷도 안 입었네? 왜 저기 혼자 울고 있지?”  부부는 떨리는 목소리로 서로에게 물으며 아이에게 다가갔다. 네살 정도로 보이는 A양은 길가에 주차된 차량 사이에서 서성이고 있었다. 두 사람을 본 아이는 “엄마를 잃어버렸어요. 찾아주세요”라고 울면서 벌벌 떨었다. 남편 이씨가 곧장 자신의 외투를 벗어 아이를 감쌌다. 아이의 내복엔 대소변이 묻은 것으로 보였지만, 너무 걱정돼 본능적으로 몸이 움직였다. 
          부인 함씨는 아이를 진정시킨 뒤 “너 집이 어디니”라고 물었다. 다행히 아이는 집으로 가는 길을 알고 있었다. 아이와 함께 찾아간 집은 건물 1층 공용 출입문이 비밀번호로 잠겨 있었다. 아이는 공동현관 비밀번호를 몰랐다. 도움을 찾을 길이 없어서 부부는 112에 전화를 했다. 이씨는 “아이가 내복 차림으로 너무 춥게 울고 있다. 도와주셔야 할 것 같다”고 신고했다. 
          ━ 몸 녹이자 “엄마 찾으러 나왔다”
          
           
           
            지난 8일 오후 6시2분쯤 내복 차림으로 추위에 떨던 4세 여아의 엄마가 편의점으로 들어왔다. [편의점 제공 CCTV 영상]
           
          
           경찰을 기다리는 동안 부부는 아이를 데리고 다시 편의점으로 들어갔다. 남편이 편의점 밖에서 경찰을 기다렸다. 부인 함씨가 안에서 아이와 대화를 했다. 아이에게 “먹을 것을 사줄게”라고 했지만, 아이는 계속 거절했다고 한다. 함씨는 “아이가 굶주렸다는 보도가 나왔는데 배고프다는 얘기를 직접 한 적은 없다”고 했다. 대신 함씨는 따듯한 음료를 사서 아이 손에 쥐여주었다. 몸을 녹인 A양은 “자고 일어났더니 엄마가 없어서 찾으러 나왔다”고 말했고, 함씨는 “내가, 엄마 꼭 찾아줄게”라고 말했다. 
          ━ 엄마 휴대폰은 전원 꺼져  함씨는 A양의 친모에게 연락을 시도했다. A양이 자신의 팔에 있는 은팔찌를 함씨에게 보여주며 “여기 우리 엄마의 연락처가 있다”고 말해줬기 때문이다. 그러나 친모와의 연락은 닿지 않았다. 함씨는 “팔찌에 적힌 연락처로 바로 전화를 걸었지만, 휴대폰 전원이 꺼져있었다”며 “나중에라도 볼 수 있을까 해서 아이를 발견했다는 내용의 문자메시지를 남겼다”고 말했다.  
          
           
           
            지난 8일 서울 강북구 우이동의 한 주택가에서 홀로 방치된 4세 여아를 발견한 함정민(29)씨는 아이 친모의 휴대폰 전원이 꺼져있어 연락이 닿지 않아 문자메시지를 보냈다. [함정민씨 제공]
           
          
           이후 오후 5시 57분쯤 경찰이 도착했고, 그로부터 5분 뒤인 6시 2분쯤 친모가 아이를 찾기 위해 편의점으로 다급하게 들어왔다. 친모는 곧 경찰로 인계됐고, 서울 강북경찰서는 친모를 아동복지법상 유기·방임 혐의로 입건해 현재 조사를 진행 중이다. 경찰 관계자는 “A양은 분리 조치해 친척 집에서 지내고 있다”며 “상습 방임이 있었는지 살펴보고 있다”고 말했다. 
          ━ “사정 잘 모르니 학대로 단정 안했으면”  이씨 부부는 A양을 둘러싼 학대 논란에는 말을 아꼈다. 부인 함씨는 “아이의 어머니가 정말로 학대를 했는지, 아이가 어떻게 자라왔는지 저희는 전혀 알 수 없다”며 “인터뷰를 통해 아이 어머니의 학대를 증언하는 것처럼 보이는 것이 조심스럽다”고 말했다. 남편 이씨는 “전후 사정을 잘 모르는 상황에서 아이의 어머니가 마녀사냥을 당하는 것이 아닌지 걱정도 된다”고 했다. 
          이씨 부부는 당시 구조 상황에 대해서는 안타까워했다. 이씨는 “아이를 발견했을 당시에 주위에서 지켜만 보고 그냥 지나쳐가시는 분들도 계셨다”며 “많은 분이 저희처럼 행동했겠지만, 외면하시는 분들의 모습에 아쉬운 생각이 들었다”고 말했다. 그는 “아이에게 작은 관심조차 없는 사회가 되지 않았나 하는 마음이 들었다”고 했다. 
          아동학대로 사망한 정인이 사건이 논란이 된 와중이어서 ‘내복 아이’에 대한 관심이 더 컸다. 함씨는 정인이 사건에 대해서도 “아시는 분들이라면 누구나 다 분노하고 안타깝고 마음 아파할 사건”이라고 말했다. 이어 “그러나 비난으로 끝낼 것이 아니라 우리 이웃에 대한 작은 관심으로 이어졌으면 한다”고 덧붙였다. 
          이가람 기자 lee.garam1@joongang.co.kr
          
        "
20210111,3,중앙일보,https://v.daum.net/v/20210111050208068,"15t 제설차에 불질렀다..폭설 내린 나흘, 무안선 무슨 일이"," 
         
          
           
           
            영하 20도의 북극 한파가 몰아친 지난 7일 서울 을지로 일대에서 제설 차량이 얼어붙은 빙판길을 정비하고 있다. 본 기사와는 관련 없음. 뉴스1
           
          
           ━ 무안군, 민간 제설차 5대 모두 멈춰 
          전남 무안군이 민간에 위탁한 제설차 5대를 보유한 화물차주들이 한꺼번에 가동 중단을 선언해 제설 작업에 비상이 걸렸다. 
          무안군은 10일 ""무안군이 운용하는 제설차 8대 중 군 자체 장비 2대와 전남도 지원 장비 1대를 제외한 민간 위탁 제설차 5대가 멈춰 섰다""고 밝혔다. 무안군이 제설 작업을 맡긴 화물차주들이 지난 9일 '업무 중단'을 선언해서다. 
          이번 제설차 업계의 계약파기 사태는 지난 9일 제설 작업에 투입된 화물차 기사 1명이 자신이 몰던 15t 화물차에 불을 지른 사건이 기폭제가 됐다. 화물차주들은 ""나흘 연속 제설 작업으로 피로가 누적된 상황에서 무안군 측이 무리하게 현장 출동을 지시해 해당 기사가 홧김에 불을 질렀다""고 주장했다. 반면 무안군 측은 ""민원이 들어와 제설 작업 지시를 재촉하는 과정에서 빚어진 오해""라고 반박했다. 
          무안군은 이번 겨울을 앞두고 지난달 10일부터 오는 3월 9일까지 3개월간 무안 지역 제설 작업을 위해 화물차주 5명과 민간 위탁 계약을 맺었다. 눈이 올 때만 도로에 쌓인 눈을 치우는 조건으로 15t 화물차 1대당 월 420만원이 책정됐다. ""제설차는 눈이 오지 않을 때는 대기하고, 운행 횟수와 상관없이 돈이 지급되는 방식""이라고 무안군은 설명했다. 
          무안군과 계약을 맺은 화물차주들은 이번 겨울 모두 9일간 제설 작업에 투입된 것으로 조사됐다. 올해는 지난 1일에 이어 폭설이 쏟아진 6~9일 나흘간 연속으로 제설차가 운행됐다. 이 과정에서 화물차주들은 ""나흘간 폭설 속에 또 눈을 치우라는 무안군의 업무 지시는 부당하다""며 '계약 파기'를 선언한 뒤 모든 제설 작업을 중단했다. 
          
           
           
            지난해 12월 10일 세종시의 한 제설차 차고지에서 관계자가 제설용 트럭과 장비를 정비하고 있다. 본 기사와는 관련 없음. 뉴스1
           
          
           ━ ""제설 시늉이라도 해라"" VS ""있을 수 없는 일"" 
          앞서 지난 9일 낮 12시22분쯤 화물차주 5명 중 1명인 A씨(50대)는 무안읍에서 자신의 차량에서 제설 장비를 분리한 뒤 차량에 불을 질렀다. 화재를 목격한 동료들이 바로 소화기로 진화에 나섰고, 119소방대원들이 현장에 도착하면서 불은 차량 일부만 그을린 채 12시35분쯤 꺼졌다. 
          화물차주들은 ""제설제가 거의 바닥났는데도 무안군 측이 '사이렌이라도 울리면서 돌아다녀라', '제설 시늉이라도 해라'고 지시했다""며 A씨와 함께 제설 작업 중단에 동참했다. 
          이에 무안군은 ""제설제 없이 현장에 나가라고 지시하는 건 있을 수 없는 일""이라며 ""소통 과정에서 견해 차이가 있었다""는 입장이다. 무안군 관계자는 ""당시 민원이 들어오니 (A씨에게) 빨리 간선 도로로 나가 제설제를 뿌려 주고 오라고 재촉한 적은 있지만 부당한 지시는 없었다""고 설명했다. 
          그러면서 ""(화물차주들이) 연속 나흘 동안 (제설) 작업을 해 심신이 지친 상태였던 것은 사실""이라며 ""밥을 먹고 쉬는데 우리가 제설 작업을 요청하는 과정에서 (A씨가) '로봇도 아니고 계속 (현장에) 나가라고 하냐'고 반발했다""고 했다. 
          무안군은 제설 작업을 해야 하는 화물차주 모두가 계약 파기를 선언하자 발만 구르고 있다. 무안에는 10일 오후 5시30분 현재까지 최대 10.5㎝의 눈이 내린 데 이어 11일 오후 9시부터 또다시 눈이 내릴 것으로 예보돼서다. 
          무안군 관계자는 ""화물차주들의 조속한 업무 복귀를 위해 설득 작업에 나서는 한편 대체 장비 확보에 안간힘을 쓰고 있다""며 ""일단은 읍·면 단위로 구성된 자율방재단에 트랙터를 이용해 눈을 치워 달라고 하는 등 대책을 마련 중""이라고 말했다. 
          무안=김준희 기자 kim.junhee@joongang.co.kr
          
        "
20210111,4,뉴스1,https://v.daum.net/v/20210111074009585,동물학대 의심 받던 택배기사..속사정 공개에 응원 봇물[펫톡톡]," 
         
          
           
           
            택배 기사와 함께 다니는 강아지. 사진 온라인 게시판 갈무리 © 뉴스1
           
          
          (서울=뉴스1) 최서윤 기자 = 동물학대를 의심 받던 택배기사가 속사정을 공개해 누리꾼들의 응원이 봇물을 이루고 있다. 
          각종 온라인 게시판에 택배기사 A씨와 반려견의 감동 사연이 올라오면서 한파가 기승을 부리는 추운 날씨에 온기를 더하고 있는 것. 
          최근 B씨는 온라인 게시판에 ""택배기사가 강아지를 짐칸에 홀로 둬서 방치하고 있다""며 동물학대를 주장하는 글을 올려 파장을 일으켰다. 
          논란이 커지자 동물학대 당사자로 지목된 A씨는 지난 2일 ""반려견과 함께하는 택배기사입니다""라는 제목의 해명글을 게재해 눈길을 끌었다. 
          CJ대한통운 택배기사라고 밝힌 A씨에 따르면 올해 10살인 몰티즈 종의 반려견 경태는 2013년 장마철에 집 앞 주차장 화단에서 발견된 유기견이었다. 발견 당시 골절 상태여서 학대가 의심됐고 피부병까지 있어서 온몸에 털이 하나도 없었다. 
          A씨는 ""경태는 심장사상충 말기로 당장 죽어도 이상하지 않은 상태였다""며 ""당시만 해도 강아지나 고양이에게 큰 애정이 없었지만 경태를 만난 후 인생이 바뀌었다""고 밝혔다. 
          죽기 직전 애정을 쏟아 살린 덕분일까. 경태는 이후 A씨와 떨어져있으면 아무것도 먹지 않고 짖고 울기만 했다. 분리불안 증상을 보이는 경태 때문에 어쩔 수 없이 택배 배송 중에만 짐칸에 놔뒀다는 것이 A씨의 설명이다. 
          A씨는 ""편안한 자리를 만들어줘도 경태한테는 무용지물이라 함께 만족할 수 있는 방식으로 지내고 있었다""며 ""그런데 이 방법이 어떤 고객님께는 불편했나보다. 걱정하는 부분은 충분히 이해하니 조금만 지켜봐 달라. 개선할 부분은 고치겠다""고 적었다. 
          A씨의 해명글을 본 누리꾼들의 응원이 이어지자 그는 지난 9일 두 번째 글을 올려 ""도와주시겠다는 분들도 많아지고 택배를 배송하는 동안 경태를 지켜주는 분들도 계셔서 감사하면서도 죄송한 마음""이라고 밝혔다. 
          그러면서 경태 이름을 짓게 된 배경도 전했다. 그는 ""원래 이름은 흰둥이였는데 동물병원 치료 과정에서 당시 수의사 선생님과 상의해 최대한 정감 가는 사람 이름을 조언 받아 지은 것""이라고 공개했다. 
          A씨는 ""분리불안 증상이 완화되도록 도와주신다는 분들도 많았지만 경태가 노견이고 언제 떠날지도 모른다""며 ""시간이 걸려 분리불안을 고친다 해도 이제는 경태가 없는 동안 제가 더 분리불안이 생길 것""이라고 털어놓았다. 
          이어 ""지금 이대로도 너무 행복하고 만족한다""며 ""저와 경태를 격려해주신 은혜 잊지 않고 열심히 살아가겠다. 감사하다""고 덧붙였다. 
          A씨의 사연을 알게 된 한 누리꾼은 지난 10일 배송 중인 A씨를 기다리는 경태의 모습이 담긴 사진을 올려 호응을 얻기도 했다. 
          누리꾼들은 ""택배 아저씨랑 붙어 다니는 경태는 어떤 금수저 강아지보다 최고로 행복하겠다"" ""택배 아저씨한테 불만 가진 사람이 동물학대로 신고한 것 알고 있으니 악플 신경 쓰지 마시라"" ""기사님 눈길에 많이 힘드시겠다. 딸아이와 아는 척하려다 혹여 상처가 될까봐 고맙다는 말만 했다"" 등으로 응원했다. 
          
           
           
            택배 기사와 함께 다니는 강아지. 사진 온라인 게시판 갈무리 © 뉴스1
           
          
          [해피펫] 사람과 동물의 행복한 동행 '뉴스1 해피펫'에서 동물 건강, 교육 등 더 많은 정보를 보실 수 있습니다. 독자 여러분의 제보도 기다립니다.
          news1-1004@news1.kr 
          
        "
20210111,5,MBC,https://v.daum.net/v/20210111204310725,9일 남은 트럼프 '탄핵'..밀어붙이는 이유는?," 
         
          
           
            
             
            
           
          
          [뉴스데스크] ◀ 앵커 ▶
          트럼프 대통령의 임기가 열흘도 남지 않았는데 미국 민주당은 의회 폭력을 선동한 책임을 물어 이르면 내일 탄핵안 처리에 착수하겠다고 밝혔습니다.
          하지만 촉박한 시일 내에 탄핵이 가능할지, 어차피 곧 물러날 대통령을 탄핵하려는 배경이 뭔지, 여러 가지 궁금증 들을 워싱턴 박성호 특파원이 풀어드립니다.
          ◀ 리포트 ▶
          9일 뒤면 퇴임하는데, 트럼프 탄핵이 과연 가능할까?
          사실 어렵습니다.
          하원에선 일정을 서둘러 과반수 가결만 하면 되는데, 상원이 문제입니다.
          3분의 2 이상 찬성표 얻기가 쉽지 않고, 지난해 트럼프 탄핵 심리가 20일 걸린 것처럼 오래 걸립니다.
          결정적으로 공화당의 반대로 트럼프 퇴임 때까지 상원의 일정이 없습니다.
          그런데도 민주당은 왜 탄핵을 추진하는 걸까요?
          우선 퇴임 후에도 탄핵이 가능하다는 판단 때문입니다.
          대부분 헌법학자들의 견해인데요.
          1876년 뇌물 받은 국방장관이 사임 후에 탄핵된 전례가 있습니다. 
          민주당은 하원에서 얼른 통과시켜 놓고 때를 봐서 상원에 넘기려 하고 있습니다.
          [제임스 클라이번/하원 원내총무(민주당)] ""하원에서 처리할 것이고, 펠로시 의장이 언제 (상원에서) 표결하는 게 가장 좋을지에 관해 결정할 것입니다.""
          정치적 계산도 깔려 있습니다. 
          탄핵이 성사되면 다음 대선에 트럼프의 출마를 막는 공직 취임금지법도 처리하기 쉽기 때문입니다.
          민주당 의원들의 정서도 압도적입니다. 
          의회 습격을 현장에서 목격한 의원들로서는 내란 선동을 부추긴 데에 꼭 책임을 묻자는 공감대가 있고, 그걸 미국인과 전 세계에 보여주고 싶어 합니다.
          국민통합을 내세워 잘못을 덮어준 실수를 반복하지 말자는 기류도 없지 않습니다.
          오바마 행정부때, 2008년 금융 위기를 초래한 금융 범죄, 부시 정권의 도청 행태 등을 눈감아 줘 진보층의 불만이 있다고 뉴욕타임스는 짚었습니다.
          하지만 바이든 행정부가 출범하자마자 탄핵 정국에 휩싸일 수 있다는 우려도 큽니다.
          코로나와 경제를 우선 과제로 내세운 바이든은 탄핵에 거리를 두고 있습니다.
          [조 바이든/미국 대통령 당선인] ""(트럼프 임기가) 6개월 남아 있다면 다시 탄핵을 해서 그를 물러나게 하는 모든 것을 다 해야겠습니다만…""
          미국 역사상 탄핵으로 물러난 대통령은 없습니다.
          트럼프가 그 첫 번째 사례가 되기도 쉽지 않아 보입니다. 
          워싱턴에서 MBC뉴스 박성호입니다.
          (영상편집: 김가람)
          MBC 뉴스는 24시간 여러분의 제보를 기다립니다. 
          ▷ 전화 02-784-4000 ▷ 이메일 mbcjebo@mbc.co.kr ▷ 카카오톡 @mbc제보
          박성호 기자 (shpark@mbc.co.kr)
          기사 원문 - https://imnews.imbc.com/replay/2021/nwdesk/article/6054962_34936.html
          
        "
20210111,6,시사저널,https://v.daum.net/v/20210111160802500,'무안판 제설쟁의'..그는 왜 자신의 제설차를 불태웠을까," 
         
          (시사저널=정성환·고비호 호남본부 기자)
          전남 무안군과 위탁 계약을 맺은 제설차 차주가 군과의 갈등으로 제설작업을 거부하고, 차량을 불태우는 사건이 일어나 지역사회에 큰 파문을 던져 주고 있다. 특히 이른바 '무안판 제설쟁의' 원인을 놓고 무안군과 화물차주의 입장이 엇갈리고 있어 논란이 되고 있다. 민원 해소 차원에서 ""간선도로 제설작업을 더 해라""는 무안군의 업무지시에 염화칼슘과 소금 등 제설제 없이 현장에 계속 나가라고 한 것은 '부당한 지시'였다는 화물차주의 주장이 맞서고 있다. 
          
           
           
            전남의 한 자치단체 소속 제설차. 본 기사와 관련없음 ⓒ시사저널 자료사진
           
          
          11일 본지의 취재를 종합하면 무안군이 운용하는 제설차 8대 가운데 자체 장비 2대와 전남도 지원 장비 1대를 제외한 민간위탁 제설차 5대가 멈춰 섰다. 무안군으로부터 제설작업을 맡은 화물차주들이 지난 9일 업무 지시의 부당성을 주장하며 제설작업 중단을 선언하면서다. 더구나 무안군 지시에 반발해 한 화물차주가 자신의 차량을 불태우는 사건까지 발생해 파장을 일으켰다.
          이번 제설차 업주들의 업무 중단 사태는 무안군 B건설교통과장의 '지시'가 발단이 됐다. 지난 9일 오전 10시께 무안읍 고절리 군청 소유 제설창고를 찾은 B과장은 주차돼 있던 민간 위탁 제설차량을 보자, ""빨리 간선도로로 나가 더 제설제를 뿌려 주고 오라""고 이곳 상주 담당 군청직원에게 지시했다. 해당 직원은 제설 작업을 마친 뒤 휴식을 취하고 있던 화물차주 A(51)씨에게 이 같은 과장 지시사항을 전달했다. 
          그러자 이에 격분한 A씨는 낮 12시 22분쯤, 자신이 몰던 15톤 화물차에서 제설 장비를 분리한 뒤 차량에 불을 질렀다. 화재를 목격한 동료들이 바로 소화기로 진화에 나섰고, 119소방대원들이 현장에 도착하면서 불은 차량 일부만 그을린 채 10여분 만에 꺼졌다. 이에 대해 무안군 관계자는 ""차주들이 연속 나흘 동안 제설 작업을 해 심신이 지친 상태였다""며 ""우리가 제설 작업을 요청하는 과정에서 밥을 먹고 쉬고 있던 A씨가 반발한 것 같다""고 설명했다. 
          하지만 차주 A씨의 입장은 달랐다. A씨는 ""제설 작업이 힘들거나 귀찮아서가 아니었다""며 소금 등 기본적인 제설자재가 턱없이 부족한 상태에서 '제설에 나가라'는 업무지시가 떨어지자 화가 나 이런 행동을 했다고 했다. 통상적으로 제설제는 염화칼슘과 소금을 2대 1의 비율로 혼합하거나 각각 개별적으로 사용하기도 한다. 그런데 이날 무안군 제설창고에는 염화칼슘 용액을 만드는 기계가 고장나 용액을 제조할 수 없었고, 소금 재고마저 바닥난 상태였다고 A씨는 털어놨다. 
          
           
           
            무안군과의 갈등으로 인해 불에 일그러진 한 화물차주의 제설차가 무안읍 군청 소유 제설창고 옆에 세워져 있다. ⓒ시사저널 정성환
           
          
          A씨는 이런 상태에서 무안군이 제설작업에 나서라고 종용하는 것은 주민을 우롱하는 보여주기식 '제설 시늉'에 다름없다고 주장했다. 제설제가 사실상 전무한 상태에서 무작정 현장에 내몰리는 분위기였다고 한다. 이에 나머지 4명의 화물차주도 A씨의 주장에 동조해 업무를 중단했다. 
          반면 무안군 측은 제설 작업 지시를 재촉하는 과정에서 빚어진 오해라는 입장이다. 소통 과정에서 견해 차이가 있었다는 얘기다. 이 관계자는 ""당시 B과장의 지시에 따라 A씨에게 빨리 간선도로로 나가 제설제를 뿌려 주고 오라고 재촉한 적은 있지만 시늉이라도 해라고 한 적은 없었다""고 해명했다. 화물차주 반발을 불러일으킨 업무지시가 빈 차로 돌아다니라는 뜻이 아니라 차량 전면부 삽날로 도로에 쌓인 눈을 밀어내라는 내용이었다는 게 무안군 측의 설명이다. 
          그러나 A씨는 ""소금 재고가 없어 미리 예비 살포를 못해 도로 바닥이 꽁꽁 얼어붙은 상태에서 차량 전면부 삽날질은 '쇼'에 불과하다""고 반박했다. 무안군 관계자도 ""당시 세부적인 제설제 수급 상황은 모르겠으나 이날(사건 발생일) 오후 2시에 소금이 들어오기로 했고, 염화칼슘 용액 제조기계가 고장 난 것은 맞다""고 시인했다. 
          앞서 무안군은 자체 장비 2대와 전남도 지원 1대 만으로는 제설작업이 어려움이 있을 것으로 보고 이번 겨울 민간위탁 방식으로 제설용 화물차 5대를 보충했다. 무안군과 화물차주들이 체결한 위탁은 제설차는 눈이 오지 않을 때는 대기하고, 눈이 올 때만 도로에 쌓인 눈을 치우는 조건으로 운행 횟수와 상관없이 돈이 지급되는 방식이었다. 
          화물차주들과 계약을 맺은 무안군은 지난달 10일부터 오는 3월 9일까지 3개월간 눈이 올 때만 도로에 쌓인 눈을 치우는 조건으로 15톤 화물차 1대당 월 420만원을 책정했다. 차주들은 이번 겨울 모두 9일간 제설 작업에 투입된 것으로 조사됐다. 올해는 지난 1일에 이어 폭설이 쏟아진 6~9일 나흘간 연속으로 제설차가 운행됐다. 
          우선 당장 무안군은 제설차 5대를 보유한 차주들이 한꺼번에 가동 중단을 선언하면서 제설 작업에 비상이 걸렸다. 무안에는 10일 오후 5시30분 현재까지 최대 10.5㎝의 눈이 내린 데 이어 11일 오후 9시부터 또다시 눈이 내릴 것으로 예보돼 있기 때문이다.
          업무 중단에 동참했던 일부 화물차주들은 무안군 관계자와 면담 끝에 제설 업무 복귀로 마음을 돌린 것으로 알려졌다. 차주 3명은 10일 오후부터 복귀했다. 하지만 불에 타 훼손된 화물차 차주와 또다른 한 차주는 참여를 거부하고 있는 것으로 알려졌다.
          무안군 관계자는 ""면담을 통해 오해가 해소됐다""며 ""오늘(11일)까지 불참 차주에 대해 설득해보겠으나 끝내 응하지 않을 경우 대체 차량을 투입해 제설에 만전을 기하겠다""고 말했다
          
        "
20210111,7,MBC,https://v.daum.net/v/20210111203419583,쥐포 먹었다고 5살 짜리를?..혹한에 또 '내복 아이'," 
         
          
           
            
             
            
           
          
          [뉴스데스크] ◀ 앵커 ▶
          요즘, 보도하는 저희도 마음이 무거워 지는 학대 받는 아이들 소식, 하루가 멀다 하고 전해 드립니다.
          이 추운 날씨에 또 다른 다섯 살 아이가 내복만 입고 도와 달라면서 거리를 헤매다 행인에게 발견 됐습니다.
          몰래 쥐포를 먹었다는 이유로 엄마가 쫓아 냈다고 하는데요.
          손하늘 기자가 취재했습니다.
          ◀ 리포트 ▶
          어젯밤, 서울 수유동의 한 골목길.
          빌라에서 한 여자아이가 혼자 나와 골목을 걸어갑니다. 
          눈도 채 녹지 않은 혹한 속에서 분홍색 상의에 흰색 내복 바지만 입었습니다. 
          길가던 여성이 아이를 발견해 무릎을 꿇고 꼭 안아줍니다.
          내복만 입고 골목을 나온 아이는 이곳에서 행인에게 발견됐는데, 당시 이곳의 체감온도는 영하 10도를 밑돌았습니다.
          이웃 주민들이 모여들었고 경찰이 출동했습니다. 
          이 5살배기 여자아이는 ""엄마가 음식을 먹었다고 혼을 내며 집 밖으로 나가라고 했다""고 말했습니다.
          그리고 한 말은 ""도와주세요""였습니다. 
          주민들과 경찰관이 아이를 데리고 집으로 찾아갔지만 아이 엄마는 오히려 화를 냈습니다. 
          [목격자] ""엄마가 '왜 내 아기 데려가냐'고 신고한 아주머니한테 소리지르며 싸우고 계시고, 경찰분이 아기를 데리고 가고…""
          20대인 아이의 어머니는 학대를 한 것이 아니라 혼을 냈더니 아이가 혼자서 집을 나간 것뿐이라고 주장했습니다. 
          [이 모 씨/어머니] ""쥐포 먹었냐고 물어봤고, 밥 안 먹고 과자만 먹고 그래서… 애가 몰래 먹고 그러더라고요. 야단을 쳤어요. 애가 어떻게 나갔는지는 모르겠어요.""
          하지만 이웃들은 이 아이가 평소에도 배가 고프다는 말을 자주했다고 전합니다. 
          [이웃 주민] ""가방이고 신발주머니고 다 아이가 들어야 해요 항상. '밥 먹었어?' 인사가 그거잖아요. '아니 안 먹었어요, 배고파요.' 아이가 항상 그랬어요, 배고프다고.""
          [이웃 주민] ""아침에 등원을 하면 엄마 손을 잡고 가잖아요. 그 아이는 혼자 왔나봐요. '배고파' 하면서 '빵 달라'고, '빵 좀 달라'고‥""
          서울 강북경찰서는 아이 엄마를 일단 아동복지법 위반 혐의로 형사입건했습니다.
          하지만 밖으로 내쫓은 행위를 물리적 학대로 처벌할 수 있는지 법적 검토가 좀더 필요하다는 게 경찰의 입장입니다.
          아이는 신고 직후 어머니와 강제 분리됐고, 현재 아동복지시설에서 보호하고 있습니다. 
          MBC뉴스 손하늘입니다. 
          (영상취재: 김희건 / 영상편집: 정소민)
          MBC 뉴스는 24시간 여러분의 제보를 기다립니다. 
          ▷ 전화 02-784-4000 ▷ 이메일 mbcjebo@mbc.co.kr ▷ 카카오톡 @mbc제보
          손하늘 기자 (sonar@mbc.co.kr)
          기사 원문 - https://imnews.imbc.com/replay/2021/nwdesk/article/6054958_34936.html
          
        "
20210111,8,머니투데이,https://v.daum.net/v/20210111213107424,택배 짐칸에 강아지..동물학대 의심받던 택배기사의 속사정," 
         
          
           
           
            /사진=온라인 커뮤니티 갈무리
           
          
          택배 트럭 짐칸에 강아지를 놓아 동물학대 의심을 받던 택배기사가 반려견을 데리고 택배 일을 하게 된 속사정을 공개했다.
          최근 온라인 커뮤니티에는 ""택배기사가 강아지를 짐칸에 홀로 둬서 방치하고 있다""며 동물학대를 의심하는 내용의 글이 올라왔다.
          당시 글쓴이는 ""택배 물건들 사이에 매일 강아지가 혼자 있는데 너무 위험해 보이고 춥다""며 ""강아지가 꼬질꼬질하게 벌벌 떨고 있는데 자꾸 신경이 쓰인다""고 했다. 
          논란이 커지자 이 택배기사는 지난 2일 '반려견과 함께하는 택배기사입니다'는 제목으로 해명 글을 올렸다.
          서울 강동구 지역 CJ대한통운 택배기사라고 밝힌 A씨는 ""저의 반려견은 올해로 10살, 몰티즈고 이름은 경태""라며 ""2013년 장마철 집 앞 주차장 화단에서 온몸에 털이 빠지고 겨우 숨만 붙어있는 채로 발견됐다""고 썼다.
          이어 ""경태는 피부병 때문에 몸 털이 하나도 없었고, 사람에게 받은 물리적 타격으로 골절 상태로 살다가 치료 없이 자연적으로 뼈가 붙은 곳이 한두 군데가 아니었다""며 ""저는 강아지나 고양이에게 큰 애정이 없던 사람이었지만 경태를 만난 후 인생이 바뀌었다""고 했다.
          A씨는 ""저의 반려견은 제가 없는 공간에서 아무것도 먹지도 못하고 짖고 울기만 한다""며 ""저의 업무는 육체적 노동에 더불어 늘 시간에 쫓기는 업무라 아이를 돌볼 겨를이 없었다""고 했다. 
          이어 ""그러다 처음에는 탑차 조수석에 뒀는데, 제가 안 보이면 미친 듯이 불안해 하던 아이라 배송할 때만 탑칸(짐칸)에 두었다""며 ""희한하게 탑칸에 놔두니 짖지 않고 얌전히 기다리기에 그때부터 이동시 조수석에 두고 배송할 때 탑칸에 둔다""고 설명했다.
          A씨는 ""저와 아이가 만족할 수 있는 방식으로 지내고 있었는데 그런 저의 방법이 어떤 고객에게는 상당히 불편했나 보다""며 ""걱정하고 염려하는 부분 어떤 마음인지 충분히 이해하나 저와 저의 반려견을 조금만 지켜봐달라""고 적었다.
          
           
           
            /사진=온라인 커뮤니티 갈무리
           
          
          이 같은 해명에 누리꾼들의 응원이 이어지자 A씨는 지난 9일 두번째 글을 올려 ""너무 많은 격려와 응원을 받고 평범했던 저희가 이렇게 많은 관심을 받으니 조금은 당황스럽다""고 소감을 밝혔다.
          이어 ""배송을 하며 아이를 살펴볼 수 있는 시간이 30초에서 1분 내외였는데 저희 사연 때문인지 왔다갔다 할 때 경태를 지켜주는 분들이 종종 계시다""며 ""감사하면서도 죄송하다""고 했다. 
          A씨는 ""사연이 알려진 후 각종 방송사에서 여러 연락을 받았다""며 ""경태와 분리 후 최대한 안정적으로 지낼 수 있도록 도와준다고 했지만 노견에 속하는 경태가 언제 떠날지 모르는 상황에 이제 제가 경태보다 더 분리불안이 생긴다""고 적었다.
          그러면서 ""경태가 모든 면에서 여유로운 주인을 만났더라면 이런 한파 속에 따라나와 고생하는 일도 없지 않았을까, 많은 생각을 하고 자신을 돌아볼 수 있는 시간이었다""며 ""격려해준 은혜 잊지 않고 열심히 살아가겠다""고 글을 맺었다.
          
           김지성 기자 sorry@mt.co.kr
          
          
        "
20210111,9,뉴시스,https://v.daum.net/v/20210111161019571,"향군, 美대선 부정선거 주장 예비역 장성단체 공개 비난"," 
         
          
           
           
            [서울=뉴시스] 재향군인회 화상 행사. 2020.06.30. (사진=재향군인회 제공)
           
          
          [서울=뉴시스] 박대로 기자 = 예비역 단체인 재향군인회(향군)가 11일 예비역 장성들이 모인 단체인 대한민국수호예비역장성단(대수장)에 직격탄을 날렸다. 대수장이 미국 대통령 선거 부정선거 주장에 동참하는 등 행보를 이어가자 향군이 쓴소리를 했다.
          향군은 이날 보도자료에서 ""대수장 등 일부 군 예비역단체는 최근 4·15부정선거국민투쟁본부(국토본)에 참여해 4·15총선의 사전선거와 개표부정을 주장하면서 미국 대통령 선거 부정 음모론에 동조하는 등 과거 국가안보를 책임졌던 예비역장성단체로서 있을 수 없는 반국가적 행동에 나서고 있는데 대해 실망과 놀라움을 감출 수 없다""고 밝혔다.
          향군은 이어 ""어느 나라를 막론하고 선거는 민주국가의 주권문제이며 미국의 경우도 당사국인 미국 국민들이 결정할 문제이므로 우리가 간섭할 문제가 아니다""라며 ""우리는 미국과 혈맹관계에 있는 상대국으로서 미국 국민의 선택을 존중하고 배려하는 것이 기본적인 예의""라고 지적했다.
          향군은 또 ""한미동맹이 국가안보의 기본축임을 누구보다 잘 알고 있는 일부 예비역장성들이 동맹국인 미국의 국내 선거에 대하여 아무런 근거 없이 선거 결과를 부정하는 무책임한 음모를 주장하는 것은 전통적인 한미동맹을 훼손하고 약화시키는 국론분열 책동이며 반국가적 행위""라고 비판했다.
          이어 ""민간단체나 유튜버들의 무분별한 주장은 정치적, 상업적 목적을 가지고 주장하는 것으로 이해할 수 있으나 일부 예비역장성들의 무책임한 행동은 국민들이 절대 용납하지 않을 것""이라고 말했다. 
          
           
           
            【서울=뉴시스】박주성 기자 = 30일 오후 서울 중구 태평로 프레스센터에서 열린 대한민국수호예비역장성단 출범식에서 참석한 육·해·공 장성들이 만세를 외치고 있다. 2019.01.30. park7691@newsis.com
           
          
          향군은 그러면서 ""지금은 국가 안보의 위기 상황으로 국론을 결집해 국가적 위기를 극복해야 할 시기""라며 ""국민적 대통합이 무엇보다 중요한 시기이므로 한미동맹을 훼손하고 국론분열을 획책하는 등의 국가안보를 위태롭게 하는 반국가적 이적행위는 즉각 중단돼야 한다""고 촉구했다. 
          대수장은 대표적인 예비역 단체인 '재향군인회'와 장성 모임인 '성우회'와는 별개로 2019년 출범한 단체다. 9·19 남북 군사분야 합의에 반대하는 장성들이 대수장의 주축이다. 
          출범 당시 김동신·권영해·김태영 전 국방장관, 이필섭 전 합참의장, 김재창 전 연합사령부 부사령관, 이수용 전 해군참모총장, 이억수 전 공군참모총장, 이상무 전 해병대 사령관, 박환인 전 해병대 부사령관 등 9명이 공동대표를 맡았다. 고 백선엽 예비역 대장은 고문으로 활동했다.
          ☞공감언론 뉴시스 daero@newsis.com 
          
        "
20210111,10,조선일보,https://v.daum.net/v/20210111030134370,[단독]CCTV 1100개 뚫고.. 카지노 비밀금고 145억과 함께 사라진 여인," 
         
          지난 4일 제주 신화월드 랜딩카지노의 비밀 금고에 보관 중이던 현금 145억원이 사라졌다. 5만원짜리 빳빳한 신권(新券) 29만1200장이었다. 5만원권 지폐 1장 무게는 0.97g. 돈을 묶는 띠지까지 포함하면 총 290kg에 달하는 양이다. 일반적인 007 서류 가방으로는 48개, 20㎏들이 사과 상자라면 15개 분량이다.
          이 많은 현금이 어떻게 감쪽같이 사라졌을까. 카지노 내부 게임 테이블 등 객장과 복도, 입구에는 고성능 감시 카메라(CCTV) 1100여 대가 그물망처럼 촘촘하게 설치돼 있었다. 그것도 일반적인 CCTV가 아니다. 카지노 특성상 불법 도박을 막기 위해 게임에 참가하는 직원이나 고객의 손끝 하나까지 감시할 수 있도록 중앙관제센터에서 특정 부분을 확대해 모니터할 수 있는 고성능 카메라였다. 이 감시망을 뚫고 누군가 현금 145억원을 들고 나간 것이다.
          
           
           
            서귀포시 신화월드 내 란딩카지노/란딩카지노 제공
           
          
          사라진 현금 145억원, 무게만 290㎏
          신화월드는 중국 란딩(藍鼎)그룹이 1조7000억원을 투자해 서귀포시에 건설한 복합 리조트다. 랜딩카지노는 신화월드 안에 있는 외국인 전용 카지노로, 국내에서 인천 파라다이스시티 카지노에 이어 두 번째로 크다. 이곳에서 현금과 함께 사라진 것이 또 있다. 랜딩카지노 모(母)기업인 홍콩 란딩인터내셔널에서 파견한 말레이시아 국적의 여성 자금 관리인 A씨(55)였다. 란딩인터내셔널은 중국 안후이성 부동산 개발 회사 란딩그룹의 한국 내 투자를 담당하는 기업이다. A씨는 지난 연말 휴가를 떠난 이후 연락을 끊고 복귀하지 않았다. A씨가 복귀하지 않자 랜딩카지노를 운영하는 국내 법인 람정엔터테인먼트코리아는 이상한 낌새를 느끼고 감사에 들어갔다. 이 과정에서 지난 4일 저녁 금고에 보관 중이던 현금 145억6000만원이 사라진 사실을 확인했다.
          
           
           
            /일러스트=박상훈
           
          
          본지 취재를 종합하면, 사라진 현금 145억원은 카지노 객장과 멀리 떨어지지 않은 곳에 설치된 별도의 비밀 사무실에 보관돼 있었다. 카지노 게임에 사용하는 칩과 현금 등을 보관하는 랜딩카지노 환전소의 공식 금고가 아니다. 거액이 빼돌려진 사실이 뒤늦게 알려진 것도 이 때문이다.
          카지노 관계자에 따르면 ‘물품 보관소’라고 불리는 이 공간은 50여㎡(약 15평) 크기로, 다양한 모양과 크기의 금고 수십 개가 벽면을 빽빽이 채우고 있는 것으로 알려졌다. 이 관계자는 “이곳 비밀 물품 보관소 존재를 알고 있는 사람은 카지노 안에서도 손가락으로 꼽을 정도”라며 “출입이 가능한 사람도 A씨를 포함해 극소수뿐”이라고 전했다.
          비밀 금고에 보관된 300억원의 성격
          비밀 물품 보관소에 있던 수백억원대 자금의 성격도 의문이다. 카지노 업계에선 상대적으로 거금이 오갈 수 있는 외국인 카지노이기는 하지만 수백억원 규모의 현금을 보관하는 일은 일반적이지 않다고 했다. 업계 관계자는 “고객을 더 많이 유치하려 많은 현금을 쌓아놓고 보여주는 ‘쇼 이벤트’를 위해 상당한 현금을 보관하는 경우가 없지는 않지만, 수백억원대 거액을 현금으로 보관하는 일은 매우 이례적”이라고 말했다. 홍콩 란딩인터내셔널은 2018년 3월 랜딩카지노 개장 당시 국내 한 은행에서 5만원짜리 신권으로 300억원을 찾아 물품 보관소에 보관해왔다고 한다. 란딩인터내셔널이 투자금 명목으로 한국에 들여온 돈이었다. 람정엔터테인먼트코리아는 “사라진 145억6000만원은 회사 운영과 무관한 자금으로, 홍콩 란딩인터내셔널이 람정엔터테인먼트에 맡겨놓은 돈”이라며 “카지노 운영이나 재정에는 영향이 없다”고 밝혔다. 그러나 홍콩 본사가 300억원을 무슨 용도로 왜 맡겼는지, 300억원이 전부인지에 대해서는 밝히지 않고 있다.
          현금 관리인 55세 여성의 정체
          랜딩카지노 주변에서는 이번 사건이 란딩그룹 양 회장이 중국 공안에 체포됐던 일과 연관성이 있는 것 아니냐는 관측이 제기되고 있다. 랜딩카지노는 2018년 개장 4개월 만에 매출 3694억원을 올렸다. 제주도 내 카지노 8개가 2017년 한 해 동안 올린 매출을 전부 합친 금액(1365억원)의 3배에 육박한 대성공이었다. 주 고객은 중국인 관광객이었다. 하지만 양 회장이 2018년 8월 캄보디아 공항에서 중국 공안에 체포되면서 큰 위기를 맞았다. 당시 외신들은 “양 회장 실종이 중국 최대 자산관리공사인 화룽(華融)그룹 라이샤오민(賴小民) 전 회장 부패 스캔들과 관련이 있다”고 보도했다. 라이 전 회장은 최근 부패 혐의로 사형 선고를 받았다.
          
           
           
            랜딩카지노에서 무슨 일이?
           
          
          중국 당국의 조사를 받은 양 회장은 3개월 뒤 홍콩 란딩인터내셔널 이사회 의장에 복귀했지만, 이전과는 전혀 다른 모습을 보였다. 대외 활동은 급속히 줄었고 신화월드와 랜딩카지노 운영에도 거리를 두었다고 한다. 신화월드와 랜딩카지노에는 중국 ‘큰손’들이 당국의 눈치를 보며 발길을 뚝 끊었고, 카지노에 맡겨두었던 돈까지 되찾아가면서 카지노 한 달 매출이 한때 마이너스 30억원까지 추락하기도 했다.
          A씨는 란딩그룹 양즈후이(仰智慧) 회장과도 밀접한 관계인 것으로 알려졌다. 랜딩카지노 관계자는 “A씨는 임원급 인사로 2018년 3월 카지노가 개장할 때부터 파견돼 근무해 왔다”고 말했다. 카지노 관계자들은 A씨를 양 회장이 직접 파견한 인물로 알고 있다. A씨는 랜딩카지노에서 근무했지만 홍콩 본사와 주로 소통했고, 국내 다른 임직원들과 접촉은 거의 없었다고 한다. 이번 사건이 A씨 개인 범죄가 아니라 배후에 더 복잡한 사정이 있을 가능성도 배제할 수 없다는 것이다.
          사라진 145억 현금, 이미 외국으로?
          경찰은 A씨를 유력한 용의자로 보고 있다. 그러나 A씨가 성인 몸무게의 4~5배에 달하는 현금 뭉치를 들고 어떻게 카지노 감시망을 뚫고 나갔는지 아직 풀지 못하고 있다. 비밀 금고가 들어 있던 물품 보관소 주변에 설치된 감시 카메라(CCTV) 영상을 분석한 결과, A씨가 최근 한 달간 한꺼번에 돈을 빼돌린 장면은 없는 것으로 알려졌다. 카지노 관계자는 “감시 카메라 영상은 한 달간 보관하는 것이 원칙”이라고 했다. 포렌식 조사 등을 통해 한 달 이전 녹화됐다가 삭제된 영상을 복원하면 A씨 행적이 구체적으로 드러날 가능성이 있다.
          경찰은 50대 여성이 혼자서 보안 카메라와 다른 직원을 피해 290kg의 돈뭉치를 한 번에 옮겼을 가능성은 작다고 본다. A씨가 장기간에 걸쳐 조금씩 돈을 빼돌렸을 가능성에 무게를 두고 있다. 또 공범이 있을 가능성도 염두에 두고 수사 중이다. 빼돌린 현금의 행방도 의문이다. 현금을 환전하거나 해외로 송금했다면 사전에 포착됐을 가능성이 크다. 금융실명제로 고액을 일시에 환전하거나 송금할 땐 국내 금융 당국이 이를 즉각 알아채기 때문이다. 경찰은 A씨가 이미 출국한 것으로 보고 있지만, 그가 출국하면서 현금을 갖고 나갔을 가능성은 희박하다. 290㎏의 현금 뭉치가 출입국 보안 검색을 통과하기란 어렵기 때문이다. 이 때문에 일각에서는 사라진 현금이 아직 제주도 내 모처에 보관돼 있을 가능성이 있다고 추정한다. 경찰은 A씨에 대해 인터폴(국제형사경찰기구)에 ‘적색 수배’를 요청할 계획인 것으로 알려졌다.
          
        "
20210111,11,조선일보,https://v.daum.net/v/20210111085026938,'퍼스트 도터' 이방카와 딴판? 주목받는 바이든 딸 애슐리," 
         
          
           
           
            조 바이든(왼쪽 둘째) 미 대통령 당선인이 지난해 11월 7일 델라웨어주 윌밍턴에서 지지자들을 상대로 승리 선언을 하고 있다. 왼쪽부터 딸 애슐리, 바이든 당선인, 질 바이든 여사, 아들 헌터 바이든. /AFP 연합뉴스
           
          
          오는 20일 취임하는 조 바이든 미 대통령의 딸 애슐리 바이든(39)에 외신의 관심이 모이고 있다. 애슐리는 바이든이 대선 승리 선언을 했을 당시 춤을 춰 주목을 받기도 했다.
          그동안 대통령의 딸은 영부인인 퍼스트 레이디처럼 언론의 주목을 받지는 않았다. 하지만 도널드 트럼프 대통령의 딸 이방카 트럼프가 백악관 선임고문을 맡고 일본을 방문하는 등 왕성한 활동을 보이면서, ‘퍼스트 도터’라는 말이 활발하게 통용되기도 했다.
          영국 일간 텔레그래프는 10일 ‘이방카 트럼프의 신발을 신은 당선인의 활동가 딸 애슐리 바이든’이라는 제하의 기사에서 애슐리 바이든에 대해 다뤘다. 신문은 애슐리가 이방카처럼 바이든 행정부에 참여할 가능성은 낮은 것으로 봤다. 하지만 각종 사회 이슈에서 아버지를 향한 ‘귀’ 역할은 할 것으로 전망했다.
          애슐리는 바이든 당선인과 부인 질 바이든 여사 슬하에서 태어났다. 전처 소생인 헌터 바이든과 보 바이든(사망) 등 두 아들과는 이복 남매 사이다. 애슐리는 어릴 적부터 정치인들에게 입법 로비 활동을 해온 경력이 있다. 9살 때 참치잡이망에 걸리는 돌고래 문제에 고민이 많았던 애슐리는 당시 연방 상원의원이었던 아버지 바이든 당선인은 물론, 캘리포니아주 연방 상원의원인 바버라 박서 등에게 호소했다. 결국 그 호소는 1990년 돌고래보호소비자정보법으로 입안됐다.
          애슐리는 이후 루이지애나주에 있는 털레인대학에 진학해 문화인류학을 배웠다. 이후 펜실베이니아대학에서 사회사업학 석사를 취득했다. 하지만 털레인대 재학 당시 애슐리는 마리화나 소지 혐의로 구속되기도 했다.
          한평생 언론의 주목을 받았던 모델 출신 사업가 이방카 트럼프와는 달리 애슐리는 델라웨어에서 조용히 지냈다고 텔레그래프는 비교했다. 이방카가 아버지 트럼프 대통령과 함께 TV쇼 ‘어프렌티스’에 출연했다면, 애슐리는 델라웨어 아동복지부에서 사회복지사로 일하는 식이었다.
          애슐리 본인 역시 묵묵히 공적인 일을 하는 자신에 대해 ‘부모에게 이어 받은 DNA 때문’이라고 밝힌바 있다. 그는 2017년 글래머 잡지 인터뷰에서 “내 아버지는 오랜 기간 공무원으로 일해왔고 어머니는 공립학교 선생”이라며 “(공적인 일에서 일하고자 하는) 내 열정은 어릴 때부터 시작됐다”고 밝혔다.
          
        "
20210111,12,한국일보,https://v.daum.net/v/20210111200023028,"""트럼프, 돈도 벌지 못하게.."" 美 재계·문화계 대통령 손절 확산"," 
         
          
           
           
            도널드 트럼프 미국 대통령이 지난해 10월 14일 아이오와주 디모인스 국제공항 대선 유세 캠페인에서 유세 구호인 '미국을 다시 위대하게(MAGA·Make America Great Again)'가 쓰인 모자를 들고 있다. 디모인스=AFP 연합뉴스
           
          
          미국 민주당을 중심으로 국회의사당 난입 사태의 책임을 물어 도널드 트럼프 대통령 탄핵 움직임이 본격화하고 있는 가운데 공화당과 친트럼프 인사들은 물론 재계와 문화계에서도 트럼프 대통령과 거리를 두려는 기류가 두드러지고 있다. 사회관계망서비스(SNS)를 운영하는 정보기술(IT) 대기업에 이어 골프계와 온라인 쇼핑 플랫폼까지 빠르게 '트럼프와 관계 끊기'에 서둘러 나서고 있다.
          
          美 PGA ""트럼프 골프장에서 대회 개최 안 돼""
          
           
           
            지난해 10월 미국 뉴저지주 베드민스터의 트럼프 내셔널 골프 클럽에서 선수들이 라운딩을 하고 있다. 베드민스터=AP 연합뉴스
           
          
          CNN방송 등 미 언론은 10일(현지시간) 미 프로골프협회(PGA of America)가 이날 밤 긴급 이사회를 열어 뉴저지주 베드민스터에 위치한 '트럼프 내셔널 골프 클럽'으로 예정된 2022년 PGA챔피언십 개최지를 변경하기로 했다고 전했다. 
          짐 리처슨 PGA 회장은 트럼프 대통령 소유의 골프장에서 대회를 여는 것은 ""PGA 브랜드에 해악이 될 뿐 아니라 조직 기능을 위험에 빠뜨릴 수 있다""고 밝혔다. PGA측은 이번 결정이 트럼프 대통령 지지 시위대의 의회 난입 사건이 계기가 됐음을 분명히 했다.
          앞서 7일에는 아마존에 이은 미 온라인 쇼핑업계 2위인 쇼핑 플랫폼 쇼피파이(Shopify)가 트럼프 대통령의 선거 구호 '미국을 다시 위대하게(MAGA·Make Ameria Great Again)'가 새겨진 기념 상품을 판매하지 못하게 했다. 
          쇼피파이 측은 ""해당 사이트들이 폭력을 조장하고 위협하는 단체와 사람들을 지원할 수 없도록 하는 자사의 정책을 위반했다""며 관련 상품을 판매하는 온라인 상점을 폐쇄했다고 설명했다. 
          
          친트럼프 WSJ ""트럼프 대통령 사임해야""
          
           
           
            배우 아놀드 슈왈제네거가 10일 트위터에 올린 트럼프 대통령 비난 성명. 아놀드 슈왈제네거 트위터 캡처
           
          
          문화계에서도 '트럼프 손절' 움직임이 발빠르게 나타나고 있다. 
          10일 캘리포니아 주지사를 지낸 배우 아널드 슈워제네거는 트위터에 올린 영상을 통해 의회에 난입한 시위대를 나치 독일군에 비유하며 도널드 트럼프 대통령을 ""실패한 리더이자 역대 최악의 대통령으로 역사에 남을 것""이라고 맹비난했다.
          트럼프 대통령의 주장에 동조해 선거인단 투표 인증에 이의를 제기했던 공화당 소속 조시 홀리 상원의원의 새 책 출간을 준비 중이던 사이먼앤드슈스터 출판사는 의회 난입 사건 이튿날인 7일 출판 계획을 취소했다. 
          홀리 의원의 저서 '빅테크의 횡포'는 6월에 출간될 예정이었다. 사이먼앤드슈스터 측은 ""우리는 시민으로서 공적 책임을 심각하게 받아들이고 있으며 홀리 의원이 위협이 된 일에 일정 역할을 했기 때문에 그를 지원할 수 없다""고 설명했다.
          트럼프 대통령과 절친한 관계로 알려진 언론 재벌 루퍼트 머독이 소유한 월스트리트저널이 7일 ""트럼프 대통령은 두 번째 탄핵을 당하기 싫으면 스스로 사임하라""고 촉구하는 사설을 실은 것도 같은 맥락이다.
          또 트럼프 대통령에게 과거 명예 학위를 수여한 리하이대가 이 학위를 철회하기도 했다. 1988년 트럼프 대통령에게 학위를 수여했던 리하이대는 트럼프 대통령 취임 이후인 2017년 10월에는 학위를 취소해야 한다는 트럼프 비판론자들의 주장을 받아들이지 않았었다. 최근 이 대학이 명예 학위를 철회한 것은 두 번째로, 2015년 코미디언 빌 코스비가 성폭행 논란에 휩싸이자 명예 학위를 취소했다. 
          
          트위터 이어 레딧·트위치·스냅챗도 ""트럼프 계정 제한""
          
           
           
            트위터가 영구 삭제 조치한 도널드 트럼프 미국 대통령 트위터 계정.
           
          
          IT업체들도 기민하게 움직이고 있다. 
          9일 악시오스는 ""트위터의 트럼프 대통령 계정 영구 삭제 조치 이후 핀터레스트(Pinterest)·트위치(Twitch)·스냅챗(Snapchat)·레딧(Reddit)·틱톡(TikTok) 등 플랫폼 기업들이 트럼프 대통령과 친(親) 트럼프 계정을 빠르게 제거하고 있다""고 전했다. 
          구글과 애플은 8일부터 극우 성향 이용자들이 선호하는 SNS '팔러'의 다운로드를 금지한 상태고, 아마존 역시 팔러에 대한 웹호스팅 서비스를 중단한다고 발표했다.
          페이스북과 인스타그램도 트럼프 대통령 계정을 조 바이든 미 대통령 당선인이 취임하는 20일까지 일시 정지했다. 다만 트위터와 더불어 대표적 SNS인 페이스북에 대해서는 트럼프 대통령 계정의 영구 폐쇄를 촉구하는 목소리가 거세지고 있는 상황이다.
          버락 오바마 전 대통령의 부인인 미셸 오바마 여사는 페이스북이 트럼프 대통령 계정의 일시 정지 계획을 밝힌 7일 ""지금 실리콘밸리 기업들은 플랫폼에서 트럼프 대통령을 영구적으로 배제해 이 지도자가 반란을 부추기는 데 자신들의 기술이 이용되는 것을 막아야 한다""고 트위터를 통해 밝혔다.
          김소연 기자 jollylife@hankookilbo.com
          
        "
20210111,13,연합뉴스,https://v.daum.net/v/20210111011003049,"호건 주지사 ""의회폭력사태 때 주방위군 투입 승인 90분 지체"""," 
         
          
           
           
            래리 호건 미국 메릴랜드 주지사 [AP=연합뉴스 자료사진]
           
          
          (워싱턴=연합뉴스) 이상헌 특파원 = 미국 의사당을 짓밟았던 1·6 의회습격 사태 당시 주방위군 투입 승인이 상당 시간 지체됐다고 래리 호건 메릴랜드 주지사가 밝혔다. 워싱턴DC로의 주 방위군 진입 승인권은 국방부 장관이 가지고 있다.
          호건 주지사는 10일(현지시간) 의회 습격폭력 사태 당시 거의 몇 분 만에 (워싱턴DC에 의해) 주 방위군 지원이 요청됐지만, 승인이 90분 지연됐다고 말했다고 CNN이 보도했다.
          그는 ""우리 주방위군은 (지원요청 후) 준비돼 있었다""면서 하지만 중앙 정부에서 승인을 얻지 못해 워싱턴DC 경계선을 넘을 수 없었다고 말했다. 
          워싱턴DC는 주가 아니어서 다른 주의 주방위군이 DC로 진입하기 위해서는 국방부 장관이 허가해야 한다.
          호건 주지사는 당시 승인이 왜 지체됐는지에 대해서는 ""답을 얻으려 했지만 얻지 못했다""고 했다.
          지난 6일 의회 습격 사태로 의사당이 파괴되고 의원들이 대피하는 등 아수라장이 됐다. 이 과정에서 경찰 1명을 포함해 5명이 사망했다. 
          도널드 트럼프 대통령은 애초 주방위군 동원에 반대했던 것으로 알려졌다. 
          이 때문에 크리스토퍼 밀러 국방부 장관 대행은 마이크 펜스 부통령과 이 문제를 논의해 군이 투입됐다고 미 언론은 전했다.
          펜스 부통령은 의회가 주별 대선 선거인단 투표 결과를 반려하라는 트럼프 대통령의 요청을 거부하고 조 바이든 당선인의 최종 승리를 인증한 지난 6일 상·하원 합동회의를 이끌었다. 밀러 대행은 7일 의회 폭력 사태를 맹비난하면서 이번 사태에서 주방위군 역할을 높이 평가한 성명을 발표하기도 했다.
          트럼프 대통령에 비판적이었던 공화당 소속의 호건 주지사는 이번 사태 직후 트럼프 대통령을 해임하기 위해 수정헌법 25조를 발동해야 한다고 주장한 바 있다. 
          honeybee@yna.co.kr
          
           
            
             
            
           
          
          
           
          
          
        "
20210111,14,오마이뉴스,https://v.daum.net/v/20210111071201238,접종률 0.03%.. 프랑스인들은 왜 코로나 백신 거부하나," 
         
          [목수정 기자]
          지난 12월 27일, 논란 속에서 마침내 프랑스에서도 코로나 백신 접종이 시작되었다. 그러나 닷새만인 2021년 1월 1일 발표된 프랑스 내 백신 접종자 수는 332명. 하루 평균 56명이 접종한 셈이다. 이런 속도라면 6700만 명이 다 맞는 데 3천 년도 더 걸린다는 우스갯소리마저 나왔다.
          다보스포럼의 의뢰로 여론조사기관 입소스가 15개국에서 실시한 조사 결과(21년 1월 4일 발표), 프랑스는 조사국 중 가장 높은 60%의 백신 거부율을 보였다. 그러나 백신을 맞을 의사가 있다고 표명한 사람도(확실 12%, 아마도 28%) 적지 않아서 닷새간 접종된 숫자는 나라 안팎으로 적잖은 놀라움을 안겼다.
          마크롱 정부가 좀 더 속도를 내겠다고 발표한 후 1월 7일까지 총 1만 9500명이 백신을 맞았으나 여전히 프랑스는 접종이 시작된 45개국 가운데 가장 낮은 비율(0.03%)을 기록하고 있다. 프랑스의 백신 접종 속도는 왜 이리 느린 걸까.
          
           백신 접종 책임자의 뜻밖의 발언
            
          
          
           
            
             
              
               
                
            
            
             ▲  마크롱 정부가 임명한 '무슈 백신' 알랭 피셰. 백신접종을 책임지는 전략위원회 위원장이다.  
            
            
             ⓒ 프랑스정부 
             
           
          
          
            
           지난해 말인 12월 3일, 카스텍스 총리는 국민들 앞에 코비드 백신접종전략위원회 위원장 알랭 피셰(Alain Fischer, 71)를 소개했다. 코로나 백신 접종 순서, 속도, 방향을 정할 위원회를 이끌 인물이다. 저명한 면역학자이자 생물학자이며 소아전문 병원인 네케르 병원 센터장을 역임하기도 했던 그는 처음 정부가 물망에 올렸던 제약회사 로비스트 출신 인물(비난이 빗발치자 철회)을 대신해 최종 선택된 사람이었다.
          
          그런데 총리와 함께 한 첫 번째 기자회견에서 그는 뜻밖의 얘기를 국민들에게 전한다.
          ① 현재로선 제약회사(화이자)가 제공한 보도자료 정도의 자료밖에 갖고 있지 않다. 과학자로서 곧, 백신에 대한 과학적 자료를 볼 수 있기를 바란다.② 현재까지 전해진 바에 따르면 백신의 효능은 2~3개월에 지나지 않는다.③ 가장 허약한 인구층, 즉 노령층과 기저질환자들에게 이 백신이 얼마나 효과적인지에 대해 정확히 알려진 바 없다.④ 백신 접종 받은 사람은 더 이상 코로나19에 안 걸리고, 남한테 옮기지 않는지에 대해서도 확신할 수 없다.
          
           나란히 서 있던 총리가 몇 번 그를 놀란 듯 쳐다봤으나, 알랭 피셰는 '과학자로서'를 강조하며 자신이 갖고 있는 백신에 대한 의구심들을 드러냈다. 이 사실을 전한 CNEWS, BFM 등의 방송 진행자들도 ""이 얘기 듣고 백신 맞으러 갈 사람 있겠냐. 난 안 맞는다. 내가 소수에 속하진 않을 것이다"" 등의 발언을 내뱉었고, 그 얘기는 현실이 되었다.
            
          
          
           
            
             
              
               
                
            
            
             ▲  12월 3일 기자회견장에서 장 카스텍스 총리가 알랭 피셰를 조금 놀란듯한 표정으로 쳐다보고 있다.  
            
            
             ⓒ 프랑스 정부 유튜브 캡처 
             
           
          
          
            
           물론 알랭 피셰 이전에도 많은 방송에서 백신에 대한 토론이 수차례 이뤄졌고, 그 속에서 회의론, 무용론도 나왔지만 정부가 백신전략위원회를 이끌도록 선택한 바로 그 사람이 지금까지 이어져온 찬반 논란에 종지부를 찍는 듯한 발언을 한 것이다. 해당 기자회견 영상은 SNS를 통해 급속도로 확산됐다. 그의 이야기를 듣고 있노라면 그가 왜 이 직책을 수락했는지 의아할 정도다.
          
          언론들은 백신 접종자 수가 현저히 적은 사실을 두고 알랭 피셰를 비난 중이다. 그러나 그는 여전히 자신의 원칙대로 백신접종을 진행시키고 있다.
          1월 중엔 노인요양원 입소자들과 50세 이상의 요양원 근무자들이 접종 대상이며, 2~3월에는 75세 이상의 노인, 이후 65세의 은퇴한 노인들에게 접종하는 것이 현재의 계획이다.  
          또, 접종 전에 각 개인의 동의 여부(요양원 노인의 경우 가족과 본인 동의)를 분명히 하고, 금지 대상(백신 투약을 금해야 하는 환자, 기저질환 여부)에 대해 상세히 검토한 뒤 접종을 진행하며, 주사 후 적어도 15분간 의료진이 곁에서 이상 징후가 없는지 살펴야 한다. 이 같은 과정이 시간을 지연시키는 요인이 될지라도 백신이 유발할 부작용을 최소화하기 위해 필요한 절차라는 것이 알랭 피셰의 생각이다.
          2009년 신종플루의 기억
          2009년 신종플루 때에도 프랑스인들은 백신에 대해 지금과 비슷한 태도를 보였다. 당시 인구의 7.6%만 접종에 응해 10%의 독일, 8.6%의 영국, 60%의 스웨덴, 36.6%의 한국과 견줘 가장 낮은 접종률을 보였다. 보건부 장관이던 로즐린 바슐로가 직접 카메라 앞에서 팔뚝을 걷어 보이며 백신을 맞는 등 정부차원의 대대적인 백신 캠페인도 진행됐으나 다수의 사람들은 ""플루 보다 백신이 더 위험""하다는 세간의 말에 더 귀를 기울였다.
          1900만 명분의 백신을 구입했던 정부는 대부분을 폐기해야 했고, 접종자 중 일부에게는 기면증이라는 희귀병이 부작용으로 남았다. 그 중 증상이 심한 61명에 대한 보상이 이뤄졌고, 평균 보상액은 33만 8100 유로(약 4억6천만 원)였다. 당시 프랑스 상원에서는 신종플루 팬데믹에서 WHO가 취해온 태도에 대하여 의구심을 제기하며, 21인의 조사위원회를 구성하고 2010년 7월 163페이지의 보고서를 발표하기도 했다.
          전체 인구의 60%가 접종에 참여해 유럽에서 가장 높은 수준의 접종률을 보였던 스웨덴에서는 700명이 넘는 청소년에게서 기면증이 나타나 사회적으로 큰 충격을 남겼다. 스웨덴은 아직까지도 당시 피해자들에게 보상금을 지급중이다. 당시 경험은 스웨덴이 코로나 팬데믹에 맞서 독자 노선을 걷게 하는데 영향을 미쳤고, 코로나 백신에 대해서도 다수 국민들이 신중한 입장을 취하게 만들고 있기도 하다.
          백신 거부한 사람 중 82% ""안정성 못 믿겠다""
          프랑스 정부가 지난해 12월 16일~18일 진행하고 24일 발표한 설문조사에서도 백신을 거부한다고 응답한 사람은 60%에 달했다. 이들이 내놓은 첫 번째 이유는 '이번 백신은 성급히 만들어져서 안정성에 대한 신뢰가 없다'(82%)는 것이었다. '다른 방법으로 코로나19에 대응하겠다'(약 혹은 비타민 등을 통한 면역력 향상) 26%, '백신 자체를 불신한다' 16% 순이다.
          
           TV토론에 나선 의사들 역시 찬반진영을 막론하고 프랑스인들이 이번 백신에 보이는 소극적 태도에 일리가 있다고 수긍하는 편이다.
            
          
          
           
            
             
              
               
                
            
            
             ▲  여론조사 기관 ipsos가 지난 1월 4일 발표한 코로나19 백신에 대한 여론조사. 프랑스, 미국, 한국을 비롯한 15개국에 걸쳐 실시했다.  
            
            
             ⓒ ipsos 
             
           
          
          
             
           다보스포럼의 의뢰로 입소스가 진행한 코로나19 백신 관련 설문조사는 15개국에서 12월 17~20일 18~74세 대상으로 이뤄졌다. 가장 높은 수준으로 백신을 맞겠다는 나라는 중국으로 80%에 달했으며, 브라질(78%), 영국, 멕시코(77%), 한국(75%), 미국(69%), 독일(65%), 스페인, 이탈리아(62%), 일본(60%), 러시아(43%) 등이다. 반면 백신을 거부하는 사람들 가운데 그 이유를 부작용에 대한 우려 때문이라고 답한 사람은 한국(80%), 일본(75%)에서 가장 높게 나타났다. 프랑스인들은 72%가 부작용 우려해서 거부한다고 답했다.
          
          
           1월초 요양병원협회(FEHAP)가 자체조사한 설문조사 결과, 요양 간호사 중 76%가 백신을 거부(19% 백신 수용, 6% 미정)하는 것으로 나타났다. 일반인들보다 백신에 대한 의학적 정보를 더 많이 가지고 있을 것으로 추정되는 이들의 부정적 판단은 백신 접종에 대한 전망을 더욱 어둡게 만들고 있다.
            
          
          
           
            
             
              
               
                
            
            
             ▲  1월 2일 LCI방송에서 보도된 요양원 간호인력들에 대한 코로나 백신 여론조사 결과.  
            
            
             ⓒ LCI방송 캡처 
             
           
          
          
            
           프랑스 정부는 수차례에 걸쳐 백신 의무화는 검토하고 있지 않다고 밝혔지만 상황이 이렇게 되면 정부가 입장을 바꿀지도 모른다는 목소리도 나온다. 이탈리아의 경우 코로나19 백신 접종을 거부하는 의사들에게 정부와 의협이 감봉, 파면, 징계위 회부 등의 강경책을 구사하기로 했다는 언론보도가 나오기도 했다.(마리안느, 1월 5일자)
          
          흩어진 여론, 조급한 정부 
          다급해진 마크롱 정부가 미국계 경영컨설팅 회사 맥킨지에 백신 접종 캠페인 전략을 위한 자문을 의뢰했다는 소식이 전해지자 국회에서는 좌우를 막론하고 ""이 같은 처사는 정부의 무능을 고백하는 것""이라며 비난을 퍼부었다.
          이런 가운데 200명의 연출가와 배우들이 ""우린 백신을 맞겠다""는 선언에 나서면서 백신 거부 시민들을 설득하는데 나서기도 했다. 연출가 스타니슬라스 노르디가 주도한 이 선언에 줄리 가예, 다니엘 오퇴이 등 배우들이 함께 했다. 그들은 ""이 속도로 가다간 올 한해도 여전히 극장 문을 닫고 있을 수밖에 없다. 백신은 우리의 유일한 출구""라며 어서 접종에 참여하고 일상을 되찾자고 호소했다.
          또 한편에선, 3개의 소수정당 DL, UPR, LP가 한 목소리로 정부를 향해 백신을 유일한 출구 전략으로 삼지 말고, 다른 치료약을 통한 해법도 동시에 모색하라고 요청하기도 했다. 그동안 코로나19 예방과 치료에 효과를 보인 다른 약들을 통해서도 다각도의 해법을 찾자는 주장이다.    
          이는 250명의 의사집단 '제4의 길(la quatrième voie)'이 중심이 되어 제기되고 있는 서명운동과 맥락을 같이 한다. 이들은 ""더 이상의 봉쇄령, 통행금지 등 통제조치에 반대하며, 활발하고 정기적인 신체활동과 비타민C, D, 아연의 섭취를 통한 면역력 강화를 통해 코로나에 맞설 것을 제안""한다. 그들의 목소리는 백신에 대한 신용이 하락하는 만큼 프랑스 시민들 사이에서 지지를 얻고 있다.
          코로나19 상륙 시점부터 백신이 개발되어 접종이 시작된 지금까지 프랑스의 방역정책은 끊임없이 시민들과 의사들의 반대에 부딪혀 왔다. 그 저항의 단서는 거짓말을 반복해온 정부가 제공했다는 평이다. 마크롱 정부 하에서 더는 병상을 줄이지 않겠다고 약속했다가 이를 번복한 것 등이 대표적인 예다. 그 사이 코로나 팬데믹의 진실을 밝히겠다는 다큐멘터리가 4~5개 만들어지고, 방역 정책의 모순을 해부하는 책들이 수십 권 쏟아져 나온 것도 결국은 정부가 신뢰받을 만한 길을 제시하지 못하고, 국민들 앞에서 솔직하지 못했기  때문이다.
          정부가 국민과의 약속을 계속해서 저버린다면, 그런 정부가 추진하는 백신 정책에 대해 국민들이 신뢰를 보낼 수 없는 것은 당연하다. 마크롱 정부의 방역 정책 혼란은 계속될 것으로 보인다.
          
        "
20210111,15,머니S,https://v.daum.net/v/20210111051604243,"[뉴욕리포트] ""오만이 폭군을 낳는다"".. 트럼프 '팬덤정치'의 말로"," 
         
          
           
           
            오는 1월20일 퇴임을 앞둔 도널드 트럼프 미국대통령./사진=로이터
           
          
          
           #.2020년 1월22일 밤 9시 백악관. 도널드 트럼프 미국 대통령은 다보스포럼에서 돌아오자마자 밥 우드워드 워싱턴포스트 부편집인에게 전화를 걸었다.
          
          '워터게이트 사건'을 폭로해 리처드 닉슨 전 미국 대통령을 끌어내린 우드워드는 당시 트럼프 대통령에 대한 책을 쓰고 있었다. 이 통화 역시 책의 집필을 위한 17차례의 릴레이 인터뷰 가운데 하나였다.
          화제는 시진핑 중국 국가주석을 거쳐 시리아 문제로 얽힌 터키의 지도자로 이어졌다. 트럼프 대통령은 레젭 타입 에르도안 터키 대통령에 대해 ""사람들은 그가 끔찍한 인간이라고 하지만 난 그와 사이가 아주 좋아요""라고 했다.
          그러면서 ""내 인간관계에서 재밌는 점은 상대가 거칠고 비열할수록 그들과 더 잘 지낸다는 겁니다. 언젠가 그 이유가 뭔지 내게 한번 설명해줘요""라고 우드워드에게 부탁했다. 우드워드는 ""난 설명이 그리 어렵지 않을 것이라고 생각했지만 아무 말도 하지 않았다""고 훗날 책에 썼다. 그가 생각한 '간단한 이유'가 뭘지는 독자의 상상에 맡긴다.
          
           
            
            
             
            
            
             ━
             
            무능한 트럼프와 그의 팬덤 
            
             ━
            
            
             
            
            
           
           
            #.트럼프 행정부의 외교안보 정책과 코로나19(COVID-19) 대처를 주로 다룬 우드워드의 저서 '분노'(Rage)는 트럼프 대통령의 부도덕함과 무능함에 대한 묘사로 가득 차 있다. 
           
          
          전·현직 참모들의 증언에 따르면 트럼프 대통령은 ""코로나19가 재임기간 중 최악의 위협이 될 것""이란 백악관 국가안보보좌관의 초기 조언을 무시했다. 그럼에도 보건·안보 분야 참모들이 입을 모아 건의한 '중국발 입국 제한'을 두고선 모두의 반대를 무릅쓰고 자기 혼자 밀어붙인 결정이라고 수차례나 거짓말을 했다.
          
           자신을 공정(?)하게 다뤄주길 기대하며 인터뷰까지 응한 트럼프 대통령의 바람과 달리 우드워드는 ""트럼프는 대통령 일에 맞지 않는 사람""이라는 말로 책을 끝맺었다. 일개 진보 언론인의 당파적 주장으로 비칠 수도 있겠지만, 최근 대선 결과는 미국 대다수 국민들 역시 우드워드와 같은 생각을 하고 있음을 말해준다.
           
            
           
          
          
           
           
            사진=로이터
           
          
          
           
            #.서양에서 패자의 승복은 선택보단 의무에 가깝다. 했을 때 칭송을 받는 게 아니라 안 했을 때 비난을 받는 게 승복이다. 
           
          
          지난해 말 전 세계적인 체스 열풍을 몰고온 넷플릭스 드라마 '퀸스 갬빗'은 체스판을 배경으로 아름다운 승복의 장면들을 그려냈다. 주인공 체스 선수의 어릴 적 스승은 체스에서 가장 중요하고 강력한 말인 퀸(여왕)을 헛되이 잃으면 즉시 패배를 선언해야 한다고 가르친다.
          퀸을 실수로 잃으면 크게 불리하긴 하지만 그렇다고 무조건 지는 건 아니다. 하지만 아쉽더라도 상대에게 빠른 승리를 양보하는 게 당연한 매너 또는 에티켓이라고 그들은 생각한다. 
          정치도 마찬가지다. 전통적으로 미국 대선은 패자의 승복과 함께 결론이 났다. 개표 결과가 아니라 패자가 승자에게 건 축하 전화가 당선인을 확정지었다. 2000년 대선에서 엘 고어 당시 민주당 후보가 보여준 통 큰 승복은 지금까지도 회자된다. 
          당시 고어는 전국 득표에서 조지 W. 부시 공화당 후보에 54만표 앞섰다. 그러나 선거인단 확보에선 266 대 271로 근소하게 밀렸다. 문제는 고어가 불과 537표 차이로 패한 경합주 플로리다에서 대량의 표가 무효 처리된 게 드러났다는 점이다.
          하지만 보수 우위의 연방대법원은 재검표를 명령한 플로리다주 대법원의 결정을 뒤집고 재검표를 중단시켰다. 억울할 만했지만 고어는 부시에게 축하 전화를 걸고 깨끗이 물러났다. ""국민의 단결과 우리 민주주의 견고함을 위해 양보한다""는 승복 연설을 남기고.
          대선이 끝난 지 두달이 되도록 대선 패배를 인정하지 않는 트럼프 대통령과 대조된다. 이런 사상 초유의 대선불복 캠페인이 가능한 건 트럼프 대통령의 부정선거 주장에 동조해 시위를 벌이고 소송비용까지 대주는 열혈 지지층이 있기 때문이다. 
          28년 만에 처음 재선에 실패한 대통령이지만 여전히 미국인 5명 가운데 한 명은 그를 '세상에서 가장 존경하는 남자'로 꼽는다. 여론조사기관 갤럽이 지난달 미국 성인 1018명에게 가장 존경하는 남성이 누구냐고 물었더니 18%가 트럼프를 지목했다. 제2차 세계대전의 영웅 드와이드 아이젠하워 전 대통령과 함께 공동 1위다.
          비록 패했지만 최근 대선에서 트럼프 대통령은 무려 7422만표를 받으며 조 바이든 대통령 당선인을 제외하곤 역대 어떤 대통령보다 높은 득표력을 보여줬다. 트럼프의 강력한 팬덤(열성 지지층)에 비춰볼 때 4년 뒤 트럼프 대통령이 대선에 재도전할 것이란 전망은 단순한 망상이 아니다.
          
           
           
            
           
           
            ━
            
           팬덤 정치, 결국 독단으로 치닫다
           
            ━
           
           
            
           
           
           
            #.""무식하면 용감하다""는 말은 과학적 근거가 있다. 운전, 체스, 테니스 등 특정 분야의 지식과 경험이 부족한 사림일수록 역설적으로 자신의 능력을 과대평가한다. 
           
          
          미국 코넬대의 심리학 교수 데이비드 더닝과 대학원생 저스틴 크루거는 학부생들을 상대로 한 실험에서 이런 경향을 확인했다. 1999년 이들이 발표한 논문으로 이런 현상에 '더닝-크루거 효과'란 이름이 붙었다. 두 사람은 논문에서 ""무능한 자의 착오는 자신에 대한 오해에서 비롯된다""고 결론내렸다. 
          팬덤은 이런 현상을 더욱 부추긴다. 자신을 감싸주고 지지하는 이들에 둘러싸이면 자신의 무능함에 둔감해진다. 팬덤으로 정상에 오른 지도자들이 종종 독단으로 치닫는 이유다.
          가장 위험한 경우는 팬덤이 생길 정도론 유능하지만 자신의 무지를 알기엔 부족한 지도자다. 비록 훗날 정적 제거 수단으로 변질되긴 했지만 '도편추방제'를 고대 아테네인들이 도입한 것도 이런 정치인들이 독재자가 되는 걸 막기 위해서였다. 
          팬덤 정치는 '반(反)지성주의'로도 이어진다. 지식이 아니라 열린 생각의 부족이다. 민주당은 '악마', 트럼프는 '구세주'라는 극우 음모론자 집단 '큐아넌'(QAnon)이 대표적이다. 마스크 거부로 상징되는 미국 반지성주의의 결과가 바로 현재 최악으로 치닫은 미국의 코로나19 사태다.
          
           닫힌 정치 팬덤은 때로 그들이 사랑하는 지도자의 폭주를 낳는다. 고대 그리스의 시인 소포클레스는 비극 '오이디푸스 왕'에서 테베 장로들의 입을 빌려 이렇게 경고했다. ""오만이 폭군을 낳는다. 오만이 성급하게 헛된 것을 포식하면 마침내 지붕 위로 올라가고, 결국 폐허로 곤두박질친다.""
           
           
          
          이상배 뉴욕특파원 kjhnpce1@mt.co.kr
          
        "
20210111,16,JTBC,https://v.daum.net/v/20210111203816642,'의사당 난입' 용의자 체포..드러나는 '트럼프 책임론'," 
         
          
           
            
             
            
           
          
          
           [앵커]
          
          미국에선 의사당 난입 사건을 주도한 인물들이 체포될수록 트럼프 대통령의 책임론도 커지고 있습니다. 음모론을 퍼뜨리는 극우단체에 속한 남성은 ""트럼프 대통령의 요청 때문에 일을 벌였다""고 털어놨습니다.
          홍희정 특파원입니다.
          [기자]
          기괴한 차림으로 의사당에서 난동을 부리며 주목받았던 남성이 주말 사이 애리조나에서 체포됐습니다.
          음모론을 신봉하는 극우단체 '큐어논'에 소속된 제이크 앤서니 챈슬리입니다.
          앞서 '제이크 앤젤리'로 이름이 알려져 있었던 챈슬리는 직접 자수했습니다.
          연방수사국, FBI에 전화해 ""트럼프 대통령의 요청에 따라 애리조나주의 다른 애국자들과 지난 6일 워싱턴DC에 갔다""고 밝혔습니다.
          여전히 ""아무 잘못도 하지 않았다""고 주장하는 대신, 모든 것을 트럼프 대통령 탓으로 돌린 겁니다.
          실제로 앞서 트럼프 대통령은 ""대선은 사기""라며 "" 1월 6일에 보자""는 메시지를 수차례 내놨습니다.
          의사당 난입 사태가 벌어졌던 지난 6일은 의회가 바이든 대선 승리를 확정 짓는 날이었습니다.
          민주당 소속 낸시 펠로시 하원의장 책상 위에 발을 얹은 모습으로 포착됐던 리처드 바넷도 구치소에 수감됐습니다.
          고향 아칸소주에서 역시 자수했습니다.
          [미국 연방수사국(FBI) 특수요원 : 바넷 씨가 유일하게 제대로 이행한 한 가지는 평화롭게 법 집행에 자수한 것입니다. FBI는 관련된 다른 사람들에게도 이같이 하길 촉구합니다.]
          의사당 난입 당일 현장 체포된 한 기업 CEO는 ""내 인생 최악의 결정""이었다고 후회하기도 했습니다.
          [브레들리 러크스테일스/코그네시아 CEO (미국 의사당 난입자) : 잘못된 장소, 잘못된 시간에 있었던 것을 진심으로 뉘우치고 있습니다.]
          이번 사태로 지금까지 약 100명이 체포된 가운데, 모두 50여 명이 연방법원과 지역법원에 기소된 것으로 집계됐습니다.
          (영상디자인 : 강아람)
          
        "
20210111,17,중앙일보,https://v.daum.net/v/20210111000545632,"전기차 생산 손잡을까..현대차, 애플에 답장 고민"," 
         
          
           
           
            현대차, 애플
           
          
           현대차가 미국 애플에서 온 편지에 대한 답장을 어떻게 쓸지를 두고 깊은 고민에 빠졌다. 10일 자동차·금융투자업계에 따르면 애플과 현대차는 2024년께 미국 내 공장에서 자율주행 전기차 30만대를 생산한다는 의견을 주고받았다. ‘애플카’ 협업에 대해 현대차는 “아직 초기 단계로 결정된 게 없다”는 게 공식 입장이지만, 내부에서는 득실 계산에 분주한 것으로 알려졌다. 
          자동차 업계에서는 현대차가 애플과 손잡는다면 전용 플랫폼을 본격적으로 가동하며 이른 시간에 전기차 생산에서 규모의 경제를 실현할 수 있을 것으로 분석한다. 스마트폰 시장에서 후발주자였던 삼성이 갤럭시로 도약한 것처럼 현대차도 애플과 손잡고 전기차 시장에서 ‘제2의 갤럭시’ 브랜드로 성장할 수 있다는 것이다. 하지만 현대차가 애플과 손잡더라도 대만의 스마트폰 위탁생산업체 폭스콘처럼 생산기지에 그친다면 마진 1~2%를 챙기는 하청업체로 전락할 수 있다는 우려도 나온다. 
          자동차업계와 전문가 사이에서는 현대차가 애플과 손잡는 게 유리하다는 시각이 우세하다. 고태봉 하이투자증권 리서치센터장은 “현대차가 아니어도 누구든 (애플과 협력)할 것이기 때문에 잠재적 경쟁자를 줄인다는 점에선 안 할 이유가 없다”고 말했다. 관건은 협력 내용이다. 전문가들은 현대차가 저자세를 취할 필요는 없다고 지적한다. 애플이 전기차 전용플램폼 등 품질과 양산 능력을 갖춘 파트너를 를 찾고 있다면 현대차만 한 적임자를 찾기 어려울 것이란 이유에서다. 차두원 차두원모빌리티연구소 소장은 “애플은 아이폰 제작방식처럼 생산 플랫폼을 보유한 업체와 협력·생산하는 제조자 설계생산(ODM) 방식이 유력해 보인다”고 분석했다. 
          애플이 전기차를 출시할 경우 첫 번째 시장은 자국 시장이 될 가능성이 높다. 현대·기아차는 미국 앨라배마·조지아에 각각 37만대, 34만대의 생산능력을 갖춘 차 공장을 갖고 있다. 두 곳 모두 전기차 전용 라인을 증설할 수 있다. 새 공장을 짓는다고 해도 기존 공급망을 이용해 발 빠르게 미국 전기차 시장에 대응할 수 있다. 애플과 중국 전기차업체와의 협력설도 나왔지만, 가능성은 작다. 고태봉 센터장은 “미·중 무역 갈등이 계속되고 있는 상황에서 애플이 중국과 손잡기는 어려울 것”이라고 말했다. 
          그러나 애플과의 협력 형태 중 현대차의 역할이 ODM으로 굳어질 경우 애플의 간섭을 피할 수 없다는 우려도 적지 않다. 또 애플에 주도권을 내준다면 애플의 앞선 기술·디자인과 품질관리를 통해 전기차 영토를 넓히려는 현대차의 전략과 어긋날 수도 있다. 이항구 한국자동차연구원 선임연구위원은 “단순한 생산기지가 아닌 수평적인 관계를 통한 윈윈이 돼야 한다”며 “그러려면 현대차가 기술제휴 면에서 내놓을 ‘슬랙(여유 자원)’이 있어야 하는데, 그게 부족한 게 현실”이라고 말했다. 
          현대차 내부에서도 현재 의견이 분분한 것으로 알려졌다. 업계 관계자는 “양사 간 논의는 태핑(수요조사) 수준”이라며 “된다고 해도 임팩트에 대해선 보수적으로 본다”고 말했다. 한편 현대차-애플 동맹설 후 미국의 투자회사 웨드부시 시큐리티의 댄 이베스 애널리스트는 “애플이 독자적으로 차를 출시할 가능성은 35~40%”라며 “첫 번째 스텝은 파트너를 정하는 일이 될 것”이라고 분석했다. 
          김영주 기자 humanest@joongang.co.kr
          
        "
20210111,18,뉴스1,https://v.daum.net/v/20210111221757070,"美의회 뚫린 이유 있었네..""윗선이 군 파병 요청 묵살"""," 
         
          
           
           
            6일(현지시간) 도널드 트럼프 미국 대통령을 지지하는 시위대가 워싱턴 의사당에 난입을 시도하자 경찰이 최루 가스를 뿌리고 있다. © AFP=뉴스1 © News1 우동명 기자
           
          
          (서울=뉴스1) 권영미 기자 = 친트럼프 지지자들의 시위에 대비해 주방위군을 파병해달라고 요청했지만 상하원 보안 담당자들이 이를 반대해 사상 초유의 사태를 막지 못했다고 당시 경비 책임자가 폭로했다. 
          11일 워싱턴포스트(WP)에 따르면 스티븐 선드 전 의회경찰국장은 인터뷰에서 상·하원합동회의가 열리기 이틀전인 4일 의회 보호를 위해 주방위군을 대기시켜달라고 요청했지만 상하원 보안 책임자들이 이를 묵살했다고 말했다. 
          폴 어빙 하원 경비대장은 시위가 일어나기도 전인데 비상을 선언하는 것은 보기 좋지 않다며 이를 거부했다. 마이클 스텐저 상원 경비대장은 요청을 들어주지 않고 선드 국장이 주방위군에 비공식적으로 접촉해 도와달라고 하라고 제안했다. 
          스텐저 대장 말대로 선드 전 국장은 1000명으로 구성된 위싱턴 D.C. 주방위군 부대장에게 직접 도움을 요청했다. 선드 전 국장은 그로부터 조속히 125명의 군을 보내주겠다는 약속을 받았고 워싱턴 D.C.경찰서장과도 상의해 위험이 발생하면 돕겠다는 답을 받았다. 이를 보고하자 상하원 경비대장들은 이것으로 충분한 것 같다고 말했다. 
          하지만 이는 모두 역부족이었다. 6일 8000명의 친트럼프 시위대는 도널드 트럼프 대통령의 연설을 들은 후 움직였고 서쪽 통제선이 15분만에 뚫렸다. 근무중이던 1400명의 의회경찰만으로는 이를 저지할 수 없었다. D.C.경찰 수백명이 급파됐지만 힘이 모자랐다.
          오후2시 직전 폭도가 된 친트럼프 지지자들은 의사당에 들어왔고 선드 전 국장은 오후 2시26분께 추가 지원을 요청하기 위해 국방부 화상 회의에 참여했다. 이 회의에서도 다섯 차례나 주방위군 지원을 요청했지만 묵살당했다. 월트 피아트 육군 중장은 ""주방위군이 의사당을 배경으로 경찰저지선을 치고 있는 모습이 내키지 않는다""며 지원을 거부했다.
          상황이 심각하다고 반복해서 호소했지만 첫 주방위군 병력은 이미 4명의 사망자가 발생한 후인 오후 5시40분이 되어서야 의사당에 도착했다. 선드 전 국장은 사태가 일어난 다음날 사의를 표했고 어빙 하원 경비대장과 스텐저 상원 경비대장도 의원들의 압력으로 사임했다.
          ungaungae@news1.kr 
          
        "
20210111,19,뉴스1,https://v.daum.net/v/20210111084439807,트럼프 임기 무사히 마칠 수 있을까..향후 시나리오 3가지," 
         
          
           
           
            백악관 앞 도로에 설치된 멈춤 표지판. © 로이터=뉴스1
           
          
          (서울=뉴스1) 강민경 기자 = 도널드 트럼프 미국 대통령이 오는 20일(현지시간) 퇴임하기 전에 권좌를 내려놔야 한다는 목소리가 거세지고 있다.
          친트럼프 시위대의 의사당 난입을 선동해 사상 초유의 폭력사태를 유도했다는 비난을 받으면서다.
          BBC는 트럼프 대통령이 예정보다 일찍 물러날 가능성이 있다며 3가지 시나리오를 소개했다.
          ◇ 수정헌법 제25조 발동 : 낸시 펠로시 하원의장과 찰스 슈머 상원 민주당 원내대표는 '내란 선동죄'를 적용해 트럼프 대통령을 퇴진시켜야 한다고 주장하고 있다.
          이를 위해 마이크 펜스 부통령은 수정헌법 제25조를 발동해야 한다. 이는 대통령이 직무를 수행할 수 없을 때 부통령이 권한을 대행하도록 한다.
          이 조항이 발동되려면 부통령과 내각의 과반수가 트럼프 대통령이 직무수행능력이 없음을 선언해야 하고, 대통령이 이의를 제기한다면 상하원 각각 3분의 2 찬성이 필요하다.
          그러나 펜스 부통령과 각료 8명이 이런 조항을 발동할 가능성은 희박하다고 BBC는 분석했다.
          ◇ 하원 주도 탄핵절차 : 민주당이 장악한 하원이 주도해 탄핵 절차에 착수할 가능성도 있다. 펠로시 의장 또한 펜스 부통령이 행동하지 않는다면 행동에 나서겠다고 경고하고 있다. 
          이미 하원은 우크라이나 스캔들을 계기로 트럼프 대통령의 탄핵을 추진했었다. 이번에 의사당 난입 사태를 계기로 또 한번 탄핵 절차가 발동된다면 트럼프 대통령은 임기동안 하원의 탄핵을 두 번 받은 최초의 사례가 된다.
          하지만 이 시나리오가 실현되려면 상원에서도 탄핵안이 통과돼야 한다. 여기엔 상원 3분의2의 찬성표가 필요한데, 민주당의 의석수는 절반에 불과하기에 공화당 측의 이탈표가 대거 필요하다.
          시간도 촉박하다. 미치 매코널 공화당 상원 원내대표는 하원에서 탄핵안을 상정할 수 있는 시기는 대통령 퇴임 하루 전인 1월19일이라고 말했다. 퇴임 후에야 상원에서 탄핵 재판이 실시된다는 얘기다.
          헌법 전문가들 사이에서는 퇴임 후에 탄핵 재판이 실시될 수 있을지에 대해 의견이 분분하다고 BBC는 전했다.
          ◇ 트럼프의 셀프 사면권 행사 : 트럼프 대통령이 임기 마지막날에 자신에 대한 사면권을 행사할 수 있다는 보도가 나오고 있다.
          이미 참모들에게 '셀프 사면'의 뜻을 전달했다는 증언도 나온다. 이미 트럼프 대통령은 뉴욕주 등으로부터 세금 탈루와 은행사기 혐의 등을 조사받고 있다.
          이런 '셀프 사면'은 전례가 없을뿐더러 법률 전문가들 사이에서도 의문의 목소리가 제기된다.
          그러나 리처드 닉슨 전 대통령이 사임하기 전 당시 미국 법무부는 ""아무도 자기 자신에 대한 판사가 될 수 없다는 것이 근본적인 규칙""이라는 성명을 낸 바 있다.
          pasta@news1.kr 
          
        "
20210111,20,연합뉴스,https://v.daum.net/v/20210111095220737,문경서 낙찰계 부도..피해규모 100억원에 가까울 듯," 
         
          
           
           
            경북 문경경찰서 [연합뉴스 자료사진]
           
          
          (문경=연합뉴스) 박순기 기자 = 경북 문경에서 100억원에 가까운 낙찰계 부도사건이 발생해 경찰이 수사에 나섰다.
          11일 문경경찰서에 따르면 점촌동 소상공인 2명이 40개월 동안 곗돈을 보냈으나 원금도 받지 못했다고 고소장을 제출했다.
          경찰은 계주 A(62·여)씨를 사기 및 배임혐의로 입건해 조사하고 있다.
          A씨는 40개월 동안 월 250만원(또는 125만원)을 납입하면 원금 1억원(또는 5천만원)과 이자 3천900만원(1천950만원)을 주겠다며 계원들을 모집했다.
          160계좌를 모집함에 따라 중복 가입자를 고려하면 피해자는 100명 안팎에 이르고 피해액도 100억원에 가까울 것으로 추산됐다. 
          2017년 9월 낙찰계를 시작해 첫 곗돈은 계주인 A씨가 수령했는데 40개월이 지난 지난해 12월 곗돈이 지급되지 않았다.
          피해자들은 3천400만∼4억원에 이르는 돈을 받지 못한 것으로 전해졌다.
          피해자들은 은행 금리가 낮아 이보다 금리 조건이 좋은 낙찰계 모집에 가입한 것으로 나타났다. 
          A씨는 낙찰계 운영 과정에서 발생한 손실을 보전하고자 계원과 계좌를 늘리거나 돈을 빌려서 돌려막는 방법을 쓰다가 피해 규모가 커진 것으로 알려졌다.
          수사 관계자는 ""피해자들이 개별적으로 고소장을 제출함에 따라 피고소인을 일단 입건하고 수사에 착수했다""며 ""고소인 2명을 상대로 조사 중이라서 범행 수법과 피해 규모는 추후 밝혀질 것""이라고 했다. 
          parksk@yna.co.kr
          
           
          
          
        "
20210111,21,뉴시스,https://v.daum.net/v/20210111064644927,"호건 주지사 ""의회습격 때 주방위군 투입 지체..이유 '안갯속'""(종합)"," 
         
          
           
           
            [애나폴리스=AP/뉴시스] 래리 호건 메릴랜드 주지사는 지난 6일 워싱턴 의회 폭력 사태 당시 주방위군 투입 승인이 한 시간 이상 지연됐다고 밝혔다. 이는 국방장관의 의도적인 늑장대응 가능성을 꼬집은 발언이다. 사진은 지난해 11월 호건 주지사가 메릴랜드주 애나폴리스에서 기자회견을 하는 모습. 2021.01.11.
           
          
           [서울=뉴시스] 양소리 기자 = 미국 공화당 소속인 래리 호건 메릴랜드 주지사는 지난 6일 워싱턴 의회 폭력 사태 당시 주방위군 투입 승인이 한 시간 이상 지연됐다고 밝혔다. 
          워싱턴DC는 '주' 단위의 지역이 아니기 때문에 다른 주에서 방위군을 지원하기 위해서는 국방부 장관의 승인이 필요하다. 호건 주지사의 이날 발언은 국방장관의 의도적인 늑장대응 가능성을 시사한다. 
          호건 주지사는 10일(현지시간) CNN과의 인터뷰에서 의회 습격 당시 거의 몇 분 만에 워싱턴DC의 주방위군 지원을 요청받았다고 말했다. 그러면서 ""(국방부 장관의) 승인은 90분이나 지연됐다""고 덧붙였다. 
          그는 ""의회 지도부로부터 메릴랜드 주방위군을 워싱턴DC로 보내달라는 전화를 받았다""며 ""그러나 정작 방위군을 파견하는 데 3시간이 걸렸다""고 했다. 
          호건 주지사는 이유를 찾으려고 노력했지만 ""답을 얻지 못했다""며 ""어떤 일이 벌어졌는지 아직도 안갯속인 것 같다""고 말했다. 
          그는 ""우리는 주방위군을 동원했고, 준비를 시켰다. 하지만 주 경계를 넘어 워싱턴DC로 갈 수 없었다""며 ""승인이 나지 않았다. 상당한 시간이 소요됐고, 우리 주의 군 사령관은 워싱턴DC 사령관들과 이야기를 했다""고 말했다. 
          국방부가 공개한 지난 6일 대응 시간표에 따르면 이날 의회에 대피령이 떨어진 것은 오후 1시다. 호건 주지사는 3시47분 메릴랜드 주방위군의 완전 동원을 명령했고, 4시18분에 크리스토퍼 밀러 국방부 장관 대행은 이들의 워싱턴DC 진입을 허락했다. 
          호건 주지사는 다음 날인 7일 기자회견을 열고 ""메릴랜드 주방위군이 7일 오전 10시 워싱턴DC에 도착했다""고 밝혔다. 
          그는 주방위군이 7일에서야 도착한 것과 관련해 ""그들은 다른 업무를 하고 있던 사람들""이라며 ""짐을 꾸리고, 유니폼을 챙기고, 총기 소지 등을 확인해야 한다""고 설명했다. 그러면서 ""우리 주의 방위군은 워싱턴DC에 가장 먼저 도착했다""고 부연했다. 
          미 국방부 측은 호건 주지사의 발언에 특별한 대응을 하지 않고 있다.
          호건 주지사는 또 도널드 트럼프 미국 대통령이 이번 의회 습격 사건의 원인이라고 지적했다. 그는 ""트럼프 대통령이 이 '폭도'들을 선동한 책임이 있다는 데는 의심의 여지가 없다""고 강조했다. 
          이어 ""이건 반란이다. 그들은 국회를 공격했고 부통령을 죽이고, 사람들의 생명을 위험에 빠뜨리겠다고 위협했다""며 ""그리고 그(트럼프 대통령)는 이 사건에 큰 부분을 차지하는 인물이다""고 비난했다.
          ☞공감언론 뉴시스 sound@newsis.com 
          
        "
20210111,22,MBC,https://v.daum.net/v/20210111204309724,김정은은 추대하고 김여정은 '강등'..왜?," 
         
          
           
            
             
            
           
          
          [뉴스데스크] ◀ 앵커 ▶
          북한 김정은 국무 위원장이 노동당 '총 비서'로 추대 되면서 당, 정을 완전히 장악한 것으로 보입니다. 
          2인자 자리를 확고히 할거라 예상되던 동생 김여정은 오히려 직위가 강등되면서 다양한 해석이 나오고 있습니다. 
          손령 기자가 전해드리겠습니다.
          ◀ 리포트 ▶
          조금 전 북한이 공개한 어제 8차 당대회 모습입니다. 
          [리일환/당 대회 대표] ""김정은 동지를 조선노동당 '총비서'로 높이 추대할 것을 본 대회 앞에 정중히 제의합니다.""
          할아버지와 아버지를 영원한 '총비서'로 추대하며 폐지했던 비서국을 5년 만에 부활시키며 자신이 그 자리에 오른 겁니다.
          이로써 김 위원장이 명실공히 노동당의 최고지도자임을 명확히 한 셈입니다.
          반면, 동생 김여정 제1부부장은 정치국 후보위원 직책마저 뺏겼습니다.
          김 위원장을 근거리에서 보좌한데다 그동안 대내·외 각종 현안에 강경발언을 쏟아내온 만큼 2인자 자리를 확고히 할 걸로 예상돼 왔습니다. 
          [하태경/국회 정보위원회 국민의힘 간사(지난해 11월)] ""(국정원에 의하면) 국정 전반에 관여하고 있고 1월 8차 당 대회 때 당 직책이 더 격상, 더 올라갈 것이 예상된다.""
          김여정의 강등에 대해선 해석이 분분합니다. 
          우선, 하노이 회담 결렬 등 대남, 대미 업무에서 성과를 내지 못한 데 대한 책임을 물은 것이란 시각이 있습니다.
          실제 대미 라인으로 꼽히는 최선희 외무성 제1부상도 함께 강등됐습니다.
          유일영도체계를 강화하는 상황에서 김여정이 2인자로 평가받는 것을 피한 것이라는 분석도 있습니다.
          [정대진/아주대 통일연구소 연구교수] ""직계 백두혈통한테 관심이 모아지는게 사실은 좀 부담스러울 수도 있는 것이죠. 새로운 대외관계 개선을 위해서 잠깐 숨고르기 차원에서 김여정은 잠깐 무대 뒤로 좀 사라졌다.""
          이밖에 외형상의 조치일 뿐 실지적인 지위나 역할에는 큰 변화가 없을 것이라는 평가도 나옵니다. 
          김여정의 강등이 예상 밖이란 얘기가 나오는 것도 이번 당대회에서 직함과 상관없이 김 위원장의 뒷자리에 앉아 존재감을 드러냈기 때문입니다. 
          아직 공개되진 않고 있지만 어젯밤 평양 김일성 광장에서는 심야 열병식을 한 정황도 포착됐습니다.
          핵무력 강화를 천명한 북한이 신형 무기가 모습을 드러낼 지 여부도 주목됩니다.
          MBC뉴스 손령입니다.
          (영상편집 : 최승호)
          MBC 뉴스는 24시간 여러분의 제보를 기다립니다. 
          ▷ 전화 02-784-4000 ▷ 이메일 mbcjebo@mbc.co.kr ▷ 카카오톡 @mbc제보
          손령 기자 (right@mbc.co.kr)
          기사 원문 - https://imnews.imbc.com/replay/2021/nwdesk/article/6054961_34936.html
          
        "
20210111,23,SBS,https://v.daum.net/v/20210111203905657,조기 걸었지만 외교관도 반기..내일 탄핵 표결," 
         
          
           
            
             
            
           
          
          <앵커>
          미국 의회 난입 사건 당시 진압에 나섰다 크게 다친 경찰관 한 명이 오늘(11일) 숨지면서 경찰 사망자가 두 명으로 늘었습니다. 트럼프 대통령은 오늘 백악관에 조기를 걸도록 지시했는데 뒷북 조치를 취했다는 비판이 일고 있습니다.
          뉴욕에서 김종원 기자입니다.
          <기자>
          의회 난입 사건 당시 둔기에 머리를 맞아 숨진 경찰관 시크닉의 운구 행렬이 워싱턴 시내를 지나갑니다.
          이 행렬을 향해 동료 경찰관들이 경례를 합니다.
          나흘 전 시크닉 사망 후 미 의회는 곧바로 조기를 게양했지만, 백악관을 비롯한 행정기관은 게양하지 않았습니다.
          이에 대한 비판 여론이 컸지만 묵묵부답이던 트럼프 대통령은 오늘 또 다른 경찰관 한 명이 추가로 숨진 뒤에야 뒤늦게 조기 게양을 지시했습니다.
          검은색 성조기 한가운데 파란색 줄이 들어가 있는 이 깃발은 경찰을 지지하고 지원한다는 뜻의 깃발입니다.
          지지자들은 경찰을 지지한다는 뜻의 이 깃발을 트럼프 대통령의 상징처럼 사용하기도 했습니다.
          하지만 정작 숨진 경찰 유가족에게 위로의 전화를 한 것도 트럼프가 아닌 펜스 부통령인 것으로 알려지면서 비판이 일고 있습니다.
          미국의 현직 외교관들은 의회 난입 사건의 책임을 트럼프에게 물어야 한다며 부통령이 대통령 직무를 대행하도록 규정하고 있는 수정헌법 25조의 발동을 촉구하는 전문을 국무부에 보내기도 했습니다.
          민주당이 내일 트럼프에 대한 탄핵안을 표결에 부칠 예정인데, 각종 온라인 사이트에는 트럼프 지지자들이 제2의 폭력 사태를 예고하는 글을 잇달아 올리고 있어 다시 긴장감이 높아지고 있습니다.
          (영상취재 : 이상욱, 영상편집 : 김호진) 
          김종원 기자terryable@sbs.co.kr
          
        "
20210111,24,JTBC,https://v.daum.net/v/20210111212414352,[날씨박사] 꽁꽁 언 한강에도 물고기는 산다?..'물의 비밀'," 
         
          
           
            
             
            
           
          
          
           날씨박사 시간입니다.
          
          날씨에 대한 모든 것, 오늘(11일)도 한 걸음 더 들어갑니다.
          주말부터 얼어붙은 한강의 모습 보셨나요?
          뉴스룸 제작진이 출근길에 본 한강입니다.
          마치 드넓은 스케이트장 같은데요.
          이렇게 강이 얼어버리면 물고기는 어떨까 한 번쯤 생각하게 되죠.
          얼음 낚시를 떠올리면, 금방 알게 되는데요.
          얼음 밑에 물이 있고, 그 속에 물고기는 멀쩡하다는 걸 바로 물의 비밀 때문입니다.
          물은 4도에서 밀도가 가장 높습니다.
          가장 무거운 상탠데요.
          찬 공기에 물이 점점 차가워지다가 4도가 되면, 무거워서 아래로 내려가게 됩니다.
          4도보다 더 차가워지면 가벼워져서 떠오르고, 얼게 되는데요.
          이 원리로 위에서부터 얼게 되는 겁니다.
          다른 액체에는 없는 물의 특징입니다.
          이러한 특징은 오랜 연구에도 불구하고 정확한 증거가 없어 학계에선 논쟁거리였습니다.
          국내외 연구팀이 흥미로운 사실을 밝혀냈는데요.
          초거대 현미경인 방사광가속기로, 영하 70도의 얼지 않은 물을 만들어서, 물엔 두 종류가 있다는 걸 입증한 겁니다.
          바로 가벼운 물과 무거운 물인데요.
          4도보다 차가워지면 밀도가 낮은 가벼운 물이 늘어나면서 물이 표면부터 언다는 겁니다.
          만물의 근원이자 생명인 물, 또 다른 발견의 실마리가 될지, 관심이 모아지고 있습니다.
          연일 이어지던 강추위가 드디어 물러가겠습니다.
          먼저 밤사이, 서해안과 제주, 울릉도를 중심으로 눈 또는 비가 내리겠습니다
          내일 아침 빙판길 조심하시기 바랍니다.
          내일 아침은 오늘과 비슷하겠습니다.
          서울 영하 8도, 부산 영하 3도로 내륙은 영하권이 예상됩니다.
          낮부턴 날씨가 달라지겠습니다.
          파란색이 고기압, 붉은색이 저기압을 의미합니다.
          찬 공기를 불어넣던 고기압이 점차 약해지면서 남쪽으로 내려가겠는데요.
          북쪽 저기압과의 사이에서 주로 서풍이 불어오겠습니다.
          내일, 이 따뜻한 서풍이 중요합니다.
          우선 낮에 강원 영서와 산지를 제외하곤 녹색으로 영상권이 예상되면서 강추위는 당분간 물러가겠습니다.
          서풍이 눈구름도 만드는데요.
          오후 동안 중부지역을 중심으로 약한 눈이 내리겠습니다.
          서울에도 눈 날림이 예상됩니다.
          기온과 함께 미세먼지 농도도 오르겠습니다.
          특히 오후부턴 국내외 미세먼지가 쌓이면서 서쪽 지역을 중심으로 '나쁨' 수준이 예상됩니다.
          
        "
20210111,25,경향신문,https://v.daum.net/v/20210111213529471,미 의사당 난입 8000명 속엔 평범한 소시민도 있었다," 
         
          [경향신문] 
          
           
          
          
           큐어넌 등 극우 지지세력 외
           음모론·폭력과 연관성 없는
           선출된 정치인·경찰 등 포함
           경제적 박탈감 등 계기 다양
           트럼프 가도 ‘갈등 불씨’ 여전
          
          ‘그들은 누구이고 왜 그랬을까.’ 세계를 경악하게 한 미국 연방의회 의사당 습격 참가자들의 면면이 검찰 수사와 사회관계망서비스(SNS), 언론 인터뷰 등을 통해 하나씩 드러나고 있다. 극우성향 음모론 추종집단인 ‘큐어넌’ 지지자들과 도널드 트럼프 대통령의 극렬 지지자들이 모인 ‘프라우드 보이스’ 회원들은 물론 평범한 시민들과 선출된 정치인, 경찰도 있었다. 이들은 트럼프 대통령이란 인물을 매개로 모여 분노를 폭발시켰으며, 트럼프 대통령이 없는 시대에서도 미국 사회의 또 다른 위험을 초래할 불씨가 될 것이란 분석이 나온다. 
          가장 두드러지는 참가자는 극우성향 지지자들이다. 뉴욕타임스와 워싱턴포스트, CNN 등 미국 언론들에 따르면 큐어넌과 프라우드보이스, 또 다른 극우단체인 ‘스리 퍼센터스’ 등을 중심으로 지난 5일(현지시간) 밤부터 2000여명이 워싱턴에 모였다. 이들은 방탄조끼를 입고 헬멧을 착용했으며 칼과 곤봉, 쇠막대기 등의 무기를 미리 준비했다. 의사당 2층 유리가 강화유리인지도 확인했다. 미디어 분석회사인 지그널 랩스는 6일 폭동 이전에 SNS에서 “국회를 급습하자”는 용어가 10만번 이상 언급됐다고 밝혔다. 
          의사당 습격 때 거의 나체에 뿔이 달린 털모자를 쓰고 성조기를 들고 등장한 제이콥 앤서니 챈설리(왼쪽 사진)는 ‘큐샤먼’이라 불리는 유명한 큐어넌 회원이다. 낸시 펠로시 하원의장실에 들어가 책상에 발을 올리고 사진을 찍은 리처드 바넷(오른쪽)은 한 총기옹호단체 회원이다. 하원 군사위원회 소속 제이슨 크로 민주당 의원은 이번 난입 사건과 관련해 25건 이상의 테러 혐의 수사가 진행 중이라고 밝혔다. 
          참가자 중엔 정치인과 경찰도 있었다. 공화당의 데릭 에번스 웨스트버지니아주 의원은 의사당에 난입해 현장을 생중계한 뒤 기소됐고, 결국 사임했다. 워싱턴포스트는 10일 “경찰관 몇명과 경찰서장 한 명 이상이 이번 폭동에 참여했거나 연관이 있다는 제보가 들어와 경찰이 조사에 착수했다”고 보도했다. 
          문제는 8000명에 이르는 집회 참가자 중에는 음모론이나 폭력과는 거리가 먼 시민도 적지 않았다는 점이다. 뉴욕타임스는 이들을 “21세기 미국 각지에서 분노로 모인 이들”이라며 “경제적 박탈감 때문이든, 정부에 대한 불신에서 비롯된 것이든, 어떤 음모에 빠진 것이든 이들은 각자의 이유로 대통령에게 충성을 보였다”고 보도했다. 월스트리트저널은 “폭도들 속에는 다수의 주류 미국인들이 강경 극단주의자들과 섞여 있었다”고 평가했다.
          집회 참석 후 의사당에 들어가지 않은 노스캐롤라이나 출신의 케빈 하그는 뉴욕타임스에 “의사당에 침입하는 것은 잘못된 행위지만, 수천명의 사람들을 보며 권력을 느꼈고 기분이 너무 좋았다”고 털어놨다. 그는 “트럼프가 없어도 운동은 계속될 것”이라고 말했다. 의사당 안에서도 사람들은 제각기 행동했다. 미국 언론들에 따르면 어떤 이들은 무장한 채 활보했지만, 어떤 이들은 무기를 보고 겁을 먹었다. 어떤 이들은 민주당 의원들을 사냥하듯 상원으로 가자고 외쳤지만 어떤 이들은 “상원이 뭐냐”고 물었다. 어떤 이들은 의사당 안에 들어온 흥분을 즐기며 SNS 생중계를 했다. 
          사건 이후의 반응도 제각각이다. 검찰이 대대적인 수사에 들어가자, 일부 참가자들은 온라인에서 흔적을 지우기 위해 애쓰고 있다. 트럼프 대통령이 의사당을 습격한 사람들에게 “집으로 돌아가라”고 한 것에 대해 실망과 배신감을 느끼는 이들도 있다. 한 참가자는 의사당에서 “트럼프는 자신의 마러라고(리조트)로 돌아가면 되지만, 우리는 폐업한 일터로 돌아가야 한다”고 소리쳤다. 공화당 소속 뉴멕시코 주위원회 코위 그리핀 위원은 또 다른 습격을 예고했다. 극우성향 SNS에선 취임식 전후 워싱턴 숙박시설과 승차권 공유, 소지할 무기들에 대한 대화가 오가고 있다. 
          인터넷 언론 악시오스는 10일 “미국은 블루아메리카(민주당 지지그룹)와 레드아메리카(공화당 지지그룹), 트럼프 아메리카(트럼프 지지그룹)로 분열됐다”며 “향후 가장 실존적인 물음은 트럼프 아메리카가 몇년 안에 레드아메리카의 전통적인 권력까지 잠식할 수 있느냐는 것”이라고 전했다.
          장은교 기자 indi@kyunghyang.com
          
        "
20210111,26,연합뉴스,https://v.daum.net/v/20210111112554175,미 경찰관들도 의회폭동 관여했나..전역에서 감찰·내사 속출," 
         
          
           
           
            경찰관들도 함께 행진했다. 폭동으로 이어진 친트럼프 시위에 참가한 경찰관들이 미국 전역에서 감찰과 내사로 곤욕을 치르고 있다.[로이티=연합뉴스 자료사진]
           
          
          (서울=연합뉴스) 장재은 기자 = 의회폭동으로 치달은 친트럼프 집회에 참여한 현직 경찰관들이 미국 전역에서 곤욕을 치르고 있다. 
          10일(현지시간) 미국 워싱턴포스트(WP)에 따르면 지난 6일 워싱턴DC에서 열린 시위에 연루돼 해임, 정직 등 징계를 받을 위기에 몰린 경찰관들이 전역에서 속출하고 있다.
          도널드 트럼프 대통령을 지지하기 위해 열린 시위는 대선결과 불복을 기치로 걸고 의사당에 난입하는 폭동, 유혈사태로 이어졌다. 
          일선 경찰서들은 집회에 참가한 경찰관들이 단순 참가를 넘어 불법행위를 저질렀을 가능성이 있다고 보고 감찰과 내사에 들어갔다. 
          캘리포니아주, 워싱턴주, 텍사스주 등지의 경찰은 제보, 소셜미디어 등을 근거로 문제의 경찰관들을 색출하겠다고 공표하고 나섰다. 
          워싱턴주 시애틀 경찰은 소셜미디어를 통해 집회참가 사실을 알린 경찰관 2명을 직무에서 일시 배제하고 조사에 들어갔다. 
          시애틀 경찰은 ""수정헌법 1조에 따른 모든 합법적 의사표명을 지지하지만 의사당 사건은 불법이었고 다른 경찰관 사망을 불렀다""고 지적했다.
          펜실베이니아주 피츠버그에서는 트럼프 슬로건인 '마가'(MAGA·미국을 더 위대하게)가 새겨진 모자를 쓰고 집회에 나선 경찰관이 현장 사진에 등장해 조사를 받고 있다. 
          
           
           
            미국 내부에서는 집회 참가와 의사당 난입은 다른 사건이라며 집회 참가를 이유로 경찰관을 징계하는 것은 헌법적 권리인 표현의 자유를 침해하는 결과로 이어질 수 있다는 경고도 나오고 있다.[로이터=연합뉴스 자료사진]
           
          
          뉴햄프셔주 트로이의 경찰서장 데이비드 엘리스는 언론 인터뷰를 했다가 집회참가 사실이 알려져 주민들로부터 사임 압박을 받고 있다. 
          엘리스 서장은 의사당에 들어가지 않았고 대선결과도 받아들이지만 트럼프 대통령을 2016년부터 지지하고 있다고 항변했다. 
          텍사스주 벡사에서도 집회 현장에서 트럼프 깃발을 몸에 걸친 사진을 페이스북에 올린 유치장 관리인이 감찰을 받고 있다. 
          미국 내에서는 법을 집행하는 공무원들의 불법행위 여부를 확인하는 게 타당하지만 작지 않은 부작용이 뒤따를 수 있다는 우려도 제기된다. 
          헌법적 권리인 표현의 자유, 사생활 보호가 침해될 수 있는 데다가 그렇지 않아도 불안한 경찰에 대한 대중의 신뢰가 더 흔들린다는 것이다. 
          케이트 레바인 미국 카도소법대 교수는 ""대중의 압력 때문에 많은 일이 벌어질 수 있지만 집회참가 징계는 비이성적""이라며 ""집회참가 경찰관과 의사당 불법 침입자들 사이에는 엄연한 차이가 있다""고 지적했다. 
          여론에 편승해 안면인식처럼 사생활 침해 우려를 지닌 기술에 손을 대다가는 감시국가를 정당화하는 지경에 이를 수 있다는 경고도 제기됐다.
          레바인 교수는 ""가장 힘없고 소외된 사람들이 부담을 떠안게 된다""며 ""경찰서 내에서 지금은 마가 지지자들이 두들겨 맞지만 나중에 BLM(흑인 목숨도 소중하다·인종차별 반대 슬로건) 지지자가 대상이 될 수도 있다""고 지적했다. 
          jangje@yna.co.kr
          
           
            
             
            
           
          
          
           
          
          
        "
20210111,27,뉴스1,https://v.daum.net/v/20210111060304614,"美英, 백신접종 시작했지만 '최악 감염'..내달 '韓 대반격'"," 
         
          
           
           
            정세균 국무총리가 지난 8일 서울 여의도 국회 본회의에서 열린 코로나19로 인한 방역실태, 백신수급 상황 및 접종시기에 대한 긴급현안질문에 답하고 있다./뉴스1 © News1 신웅수 기자
           
          
          (서울=뉴스1) 정재민 기자 = 신종 코로나바이러스 감염증(코로나19) 팬데믹(Pandemic·세계적 대유행) 속 유일한 희망 '백신'이 전세계 각국에서 속속 도입되고 있다.
          이에 각국의 백신 도입 시기와 물량 등 논란이 불거졌지만, 현재로서는 도입부터 접종 시기까지 예상처럼 흐른 나라는 찾아볼 수 없을 정도다.
          여기에 바이러스 변이, 참여율이란 변수를 맞으면서 어느덧 백신을 향한 '내로남불'(내가 하면 로맨스, 남이 하면 불륜) 스탠스가 '내불남로'로 변하는 모습이다.
          한국 역시 초기 늑장 대응 논란 속 당장 다음 달 도입을 앞뒀지만, 정치권을 중심으로 소모적인 논쟁만 이어진다는 비판이 인다.
          11일 방역당국에 따르면 한국은 오는 2월 말부터 의료진과 고령자를 시작으로 코로나19 백신 접종이 시작된다.
          애초 접종 시작 시기인 2~3월보다 구체화한 계획으로, 아스트라제네카에 이어 화이자 백신 일부 물량도 2월에 들어올 수 있도록 협상 중이다.
          속도전에 들어간 미국과 유럽에 비해선 접종 시점이 느리지만, 지난달 '늑장 대응' 비판은 수그러든 모습이다.
          백신 관리의 어려움과 국민의 인식 등이 주된 요인이지만, 여기에 변이 바이러스와 접종률도 변수로 떠올랐기 때문.
          앞서 지난달 초 영국을 시작으로 미국, 캐나다, 러시아, 중국 등에서 백신 투여가 시작됐다.
          백신 투여 소식이 들리자 'K-방역'으로 대표되던 한국의 코로나19 대응에도 백신 확보지시부터 타국보다 확보가 늦었다는 지적, 백신 확보 지연에 대한 부처 간 책임론까지 연일 시끄러웠다.
          하지만 상대적으로 연일 수만명 단위의 확진자가 나오는 영국, 미국 등에서 마지막 희망 백신을 조기에 투입하는 강수를 뒀음에도 쉽게 확산세를 가라앉히지 못하고 있다.
          백신의 영향력보다 거리두기를 지키지 않은 시민들의 전파력이 더 빠른 모습을 보이는 것.
          여기에 접종률도 당초 기대에 크게 미치지 못하는 수준이다. 일례로 미국은 지난해 연말까지 2000만명에게 백신 접종을 하겠다고 했지만, 실제 접종률은 10%에 채 미치지 못했다.
          유럽은 상황이 더 심각하다. 독일, 이탈리아, 스페인, 프랑스 등 모두 인구 대비 접종자가 1%에도 미치지 못했다.
          조 바이든 미국 대통령 당선인, 엘리자베스 2세 영국 여왕, 프란치스코 교황까지 백신을 맞거나 맞을 계획이라고 밝혔지만 접종률을 높이기엔 역부족이란 평이 나온다.
          바로 전세계 국민들의 불신 때문인데, 특히 프랑스에서는 백신을 맞지 않겠다는 국민이 60%에 달했고, 중국(20%), 영국(23%), 미국(31%), 러시아(57%) 등도 부작용에 대한 두려움을 느끼고 있다.
          이런 이유로 인해 백신 접종 혼선으로 코로나19 종식은 앞을 내다볼 수 없다는 평가도 나온다. 백신의 보관·유통도 어려운 데다 사회 인프라도 각국에 따라 다른 것도 또 다른 이유로 꼽힌다. 
          그렇다면 국내 상황은 어떨까. 어느덧 백신을 빨리 도입해야 한다는 논의보단 부작용 등을 우려하는 쪽으로 변하고 있다. 
          '백신은 과학이지, 정쟁의 수단은 아니'라면서도 '킬(kill) 방역', '마루타', '백신 추정 주사' 등 자극적인 단어 선택으로 소모적인 논란만 이어가는 것.
          정부는 진행 중인 고강도 사회적 거리두기로 현실 가능한 수준에서 최대한 코로나19 확산세를 꺾은 뒤 다음달부터 백신 접종으로 반전을 노린다는 방침이다. 
          문재인 대통령 역시 이날 예정된 신년사를 통해 치료제와 백신 등을 통한 공격적 대응 의지를 밝힐 것으로 예상된다.
          ddakbom@news1.kr 
          
        "
20210111,28,연합뉴스,https://v.daum.net/v/20210111143424482,"물러나는 美의회경찰국장 ""주방위군 대기 요청, 윗선서 막았다"""," 
         
          
           
           
            의회폭동으로 이어진 친트럼프 시위대의 대선결과 불복 시위[AP=연합뉴스 자료사진]
           
          
          (서울=연합뉴스) 장재은 기자 = 미국 정부 보안 담당 당국자들이 시위대의 의회 진입을 막기 위한 주방위군 대기를 막았다는 주장이 제기됐다. 
          의회폭동에 책임을 지고 최근 사임한 스티븐 선드 전 의회경찰국장은 11일(현지시간) 워싱턴포스트(WP) 인터뷰에서 대선결과를 인증한 상·하원 합동회의가 열리기 이틀 전 의사당 보호를 위한 워싱턴DC 주방위군의 대기를 요청했으나 보안당국 관리들이 거부했다고 밝혔다. 
          선드 전 국장은 트럼프 대통령이 워싱턴DC로 불러들인 대선불복 시위대의 규모가 예전보다 클 것이라는 경찰 정보가 있었음에도 상급자들이 주방위군을 긴급 대기하는 공식 절차를 주저했다고 주장했다. 
          그는 의회에서 난동이 발생한 당일에도 5차례에 걸쳐 지원을 요청했으나 거절당하거나 지연됐다고 덧붙였다. 
          도널드 트럼프 미 대통령을 지지하는 시위대는 지난 6일 상·하원 합동회의가 열리던 의사당에 쳐들어가 폭동을 일으켰다. 
          미국 내에서는 그 과정에서 경찰 대응이 부실했던 까닭을 두고 적지 않은 의문이 제기되고 있다. 
          민주당은 트럼프 대통령이 시위대의 폭력 사태를 선동했다고 보고 탄핵을 추진하고 있다. 
          앞서 선드 전 국장은 의회에서 발생한 폭력 사태를 막지 못한 데 책임을 지고 오는 16일 자로 국장직에서 물러나기로 한 바 있다.
          jangje@yna.co.kr
          
           
          
          
        "
20210111,29,한국일보,https://v.daum.net/v/20210111211223177,아프간 집단 피랍 샘물교회 선교 주선? 드러나는 인터콥의 과거," 
         
          
           
           
            2007년 9월 12일 오전 경기 안양시 샘안양병원에서 아프가니스탄에서 피랍됐다 풀려난 제창희(마이크 들고 있는 이)씨 등 21명이 기자회견에서 아프간 피랍 상황을 설명하고 있다. 연합뉴스
           
          
          경북 상주 BTJ열방센터 집단감염 관련 신종 코로나바이러스 감염증(코로나19) 누적 확진자가 500명을 넘고 있는 가운데 해당 센터를 운영하는 인터콥의 과거 행보 등에 대해 관심이 쏠리고 있다. 
          BTJ열방센터는 선교단체 인터콥이 운영하는 시설로, 정통 개신교에 벗어났다는 지적을 받는다. 지난해부터 방역 수칙을 어기고 수 천명이 밀폐된 공간에 모여 교육을 받고 활동해 코로나19 집단 감염의 시작점으로 지목되는 곳이다.
          기독교 매체인 뉴스앤조이 미국 지사에서 기자로 활동했던 김성회 열린민주당 대변인은 11일 자신의 유튜브 채널 '김성회의 옳은소리'에서 ""아프가니스탄 선교를 갔던 분당 샘물교회의 배후에는 인터콥이 있었고, 관련 인물인 최바울이 현재 논란의 상주 BTJ 열방센터의 운영자와 동일 인물""이라고 전했다. 
          2007년 7월 분당 샘물교회 신도 23명은 아프간에서 선교 활동을 하던 중 탈레반에 의해 납치돼 42일만에 풀려났다. 개신교계 일부는 인터콥이 2006년 아프간에서 연 평화축제가 탈레반을 자극해 샘물교회 피랍·피살 사건의 단초로 작용했다고 보고 있다. 실제로 당시 언론에 따르면 분당 샘물교회 신도들은 인터콥의 주선으로 아프간으로 출국했다고 전해졌다. 
          당시 아프간 피랍 사태는 국민의 이목을 집중시켰다. 탈레반 측은 카리 유수프 아마디 대변인을 통해 아프간에 주둔하고 있는 한국군을 철수하지 않을 경우 인질들을 살해하겠다고 협박했다. 탈레반 측은 납치 7일째인 7월 25일 선교단을 이끌었던 배모 목사를 살해했고 이어 31일에는 심모씨가 살해됐다.
          교회 측은 정부의 자제 요청에도 불구하고 안전 대비책도 없이 아프간 사지(死地) 선교활동을 강행했으며 사태 발생 후에는 선교 활동을 했던 사실을 감추기에만 급급하는 태도를 보였다는 비판을 받기도 했다. 
          
          ""빌 게이츠가 세계 노예 만들려 백신 개발?""
          
           
           
            사이비 종교 문제를 다루는 전문매체 바른미디어가 8일 유튜브 채널에 올린 최바울 인터콥 본부장 관련 영상. 유튜브 바른미디어 캡처
           
          
          이런 가운데 인터콥의 수장격인 최바울씨의 코로나19 관련 발언도 또 다시 논란의 중심에 서고 있다. 
          사이비 종교 문제를 다루는 전문매체 바른미디어 대표인 조믿음 목사는 11일 CBS 김현정의 뉴스쇼에 출연, 인터콥 핵심 인사인 임모 선교사가 지난해 12월 13일 한 교회에서 했던 설교를 설명하면서 ""이들은 코로나19가 심각한 전염병이 아니라고 한다. 심각한 전염병은 사망률이 30% 정도 돼야 하는데 코로나19는 그렇지 않다는 것""이라며 ""그래서 방역은 우리나라처럼 할 필요가 없다는 얘기를 한다""고 말했다.
          기독교 시민단체 평화나무에 따르면 최씨는 지난해 7월 한 집회에서도 '코로나19 바이러스'를 '프로젝트'라고 주장하면서 ""빌 게이츠 마이크로소프트(MS) 창업자가 5년 전 코로나19와 전쟁을 예견하면서 백신을 개발하도록 자금을 한국 등에 지원했다""며 ""그 백신을 맞으면 세계가 그들의 노예가 된다""는 음모론을 제기했다. 
          이에 따르면 최씨는 ""2015년 빌 게이츠가 '앞으로 인류를 위협하는 건 핵폭탄이 아니고, 코로나바이러스다'라고 말했다""라며 ""군인들에게 백신을 통해 약물을 먹여 노예로 만드려고 한 것""이라고 전했다. 하지만 실제 당시 TED 강연에 따르면 게이츠는 정확하게는 '전염성이 강한 바이러스'라고 말했다.
          
          전광훈 목사와는 무슨 관계?
          
           
           
            2019년 6월 16일 전광훈 목사의 단식현장을 최바울본부장이 지지방문했다. 유튜브 너알아TV 캡처
           
          
          사랑제일교회 담임목사인 전광훈씨와 연대하는 모습도 종종 포착된다는 전언이다. 평화나무에 따르면 2019년 6월 열린 인터콥 3차 비전캠프에 전씨는 강사로 출강, 청년 수천명을 상대로 설교했다. 
          또 그 당시 전씨가 청와대 앞에 천막을 설치하고 릴레이 단식을 이어갈 때 최씨는 지지방문을 하기도 했다. 전씨가 지난해 5월 18～20일까지 대규모 집회를 강행한 곳도 상주 BTJ 열방센터인 것으로 알려졌다. 
          
          청소년 속으로 침투
          
           
           
            지난달 31일 울산지역에서 전문인국제선교단(인터콥)을 중심으로 신종 코로나바이러스 감염증(코로나19) 연쇄 감염이 확산되는 가운데 인터콥 울산지부는 지난달 19일 제2울산교회를 빌려 10대 이하 아동을 대상으로 선교캠프를 진행한 것으로 알려졌다. 사진은 이날 울산시 중구 제2울산교회 모습. 뉴스1
           
          
          평화나무에 따르면 인터콥은 214개 이상의 전국 중고등학교에 UBTJ(U=Youth, BTJ=Back To Jerusalem) 모임을 결성해 청소년들 속에 침투해 온 것으로 보인다. 인터콥은 '청소년 비전스쿨'이란 명목으로 보호자 동의서를 포함한 신청서를 받는다. 내용을 살펴보면 학교, 학년, 출석교회, 연락처 등의 개인정보는 물론이고 인터콥 참여 여부를 기재하게 돼 있다. 
          이인규 대표(세계한인기독교이단대책연합회)는 기독교 인터넷 매체인 '당당뉴스'에 기고한 '인터콥을 조심하라'라는 제목의 글에서 ""비전스쿨을 참가한 청년들이 교회와 직장을 그만 두고 인터콥의 선교사로 나가겠다는 문제 때문에 미주의 목회자들이 인터콥을 조사하는 과정에서 인터콥의 문제점이 처음으로 제기됐다""고 소개했다. 
          
          국내 주요 교단들, 인터콥 제재 가해왔지만
          
           
           
            경북 상주시 화서면 인터콥 열방센터에서 이뤄진 기독교 선교시설인 인터콥의 종교집회 전경. 인터콥 열방센테 홈페이지 캡처
           
          
          한편 국내 개신교 주요 교단들(예장통합, 합동, 합신, 고신 등)은 인터콥의 이단성과 공격적 선교의 위험성을 인식하고 2011년 이후부터 총회 결의로 인터콥과 교류금지, 참여 자제 등의 제재를 했다. 
          이에 최바울 씨는 2011년 3월 사과문을 발표하고 ""인터콥선교회는 한국세계선교협의회(KWMA)를 비롯하여 존경하는 교계 지도자와 신학자들로부터 지도와 재교육을 받아 건강한 선교단체로 거듭나도록 최선을 다하겠다""고 밝혔다. 
          하지만 최근까지도 인터콥은 마태복음 24장 14절을 근거로 '모든 민족에게 복음이 증거 되는 것을 예수님 재림의 절대 조건'으로 여기고 가르치는 것으로 보인다. 
          이와 관련 신천지에 대한 현장 취재를 15년 가까이 해온 변상욱 앵커도 6일 YTN 라디오 '이동형의 뉴스 정면승부'와 인터뷰에서 BTJ 열방센터와 인터콥에 대해 ""정통 개신교로부터 벗어나 있다""고 지적했다.
          손성원 기자 sohnsw@hankookilbo.com
          
        "
20210111,30,연합뉴스,https://v.daum.net/v/20210111034722646,"호건 ""주방위군 투입승인 90분 지체..의회폭동 트럼프 책임""(종합)"," 
         
          
           
           
            래리 호건 미국 메릴랜드 주지사 [AP=연합뉴스 자료사진]
           
          
          (워싱턴=연합뉴스) 이상헌 특파원 = 미국 의사당을 짓밟았던 1·6 의회습격 사태 당시 주방위군 투입 승인이 상당 시간 지체됐다고 래리 호건 메릴랜드 주지사가 밝혔다. 워싱턴DC로의 주 방위군 진입 승인권은 국방부 장관이 가지고 있다.
          호건 주지사는 10일(현지시간) 의회 습격폭력 사태 당시 거의 몇 분 만에 (워싱턴DC에 의해) 주 방위군 지원이 요청됐지만, 승인이 90분 지연됐다고 말했다고 CNN이 보도했다.
          그는 ""우리 주방위군은 (지원요청 후) 준비돼 있었다""면서 하지만 중앙 정부에서 승인을 얻지 못해 워싱턴DC 경계선을 넘을 수 없었다고 말했다. 
          워싱턴DC는 주가 아니어서 다른 주의 주방위군이 DC로 진입하기 위해서는 국방부 장관이 허가해야 한다.
          호건 주지사는 당시 승인이 왜 지체됐는지에 대해서는 ""답을 얻으려 했지만 얻지 못했다""고 했다.
          그는 또 도널드 트럼프 대통령이 폭도들을 선동한 책임이 있다는 데에는 의심의 여지가 없다고 비판했다. 앞서 호건 주지사는 이번 사태 직후 트럼프 대통령을 해임하기 위해 수정헌법 25조를 발동해야 한다고 주장한 바 있다. 
          이어 호건 주지사는 의회 습격 당일 대선 결과 반대 시위를 위해 수천 명을 워싱턴으로 불러 모은 부정 선거라는 잘못된 주장을 공화당 의원들 역시 부추겼다며 오랜 공화당원으로서 ""당황스럽고 부끄럽다""고 말했다.
          특히 의회 합동회의 당일 메릴랜드주 공화당 하원의원인 앤디 해리스가 대선 결과에 반대 의사를 표명한 사실에 ""분노했다""고 밝혔다.
          지난 6일 의회 습격 사태로 의사당이 파괴되고 의원들이 대피하는 등 아수라장이 됐다. 이 과정에서 경찰 1명을 포함해 5명이 사망했다. 
          트럼프 대통령은 애초 주방위군 동원에 반대했던 것으로 알려졌다. 
          이 때문에 크리스토퍼 밀러 국방부 장관 대행은 마이크 펜스 부통령과 이 문제를 논의해 군이 투입됐다고 미 언론은 전했다.
          펜스 부통령은 의회가 주별 대선 선거인단 투표 결과를 반려하라는 트럼프 대통령의 요청을 거부하고 조 바이든 당선인의 최종 승리를 인증한 지난 6일 상·하원 합동회의를 이끌었다. 밀러 대행은 7일 의회 폭력 사태를 맹비난하면서 이번 사태에서 주방위군 역할을 높이 평가한 성명을 발표하기도 했다.
          honeybee@yna.co.kr
          
           
            
             
            
           
          
          
           
          
          
        "
