Date,Press,Rank,URL,Title,View,Content,Comment
20210121,MBC,1,/main/ranking/read.nhn?mode=LSD&mid=shm&sid1=001&oid=214&aid=0001094708&rankingType=RANKING,테슬라 보조금 깎인다…전기차 시장 재편되나?,32976,"



동영상 뉴스




	
	[뉴스데스크]◀ 앵커 ▶정부가 9천 만원이 넘는 전기차에는 보조금을 주지 않는 등의 내용으로 올해 친환경차 보조금 개편안을 확정했습니다.6천만원 넘는 전기차 보조금도 절반으로 깎아서, 국내 시장을 휩쓸어온 테슬라의 독주에도 영향이 있을 것으로 보이는데요.달라진 보조금, 그리고 올해 전기차 시장의 전망을 이유경 기자가 전해드리겠습니다.◀ 리포트 ▶ 지난주 국내에 처음 공개된 테슬라의 모델 Y. 모델3에 이은 보급형 SUV로, 미국에서 큰 인기를 끌었습니다. 관심은 국내 판매가.예상대로 6천만원 넘는 가격에 출시되면, 이 모델의 보조금은 절반으로 줄게 됩니다.[김치훈]""(모델Y는) 6천만원 미만이면 제가 꿈꿀 수 있는 차량이고, 이상이면 좀 부담스러울 거 같아서 그렇게까지 메리트는 없을 거 같아요.""정부가 오늘 확정한 전기차 보조금에 따르면, 6천만원 미만 차량은 전액이 나오지만, 6천만원에서 9천만원 사이는 50%, 9천만원 이상은 지원금이 아예 없습니다.지난해 국내에서 테슬라는 1만2천대 가까이 팔렸는데, 가장 많이 팔린 모델3 롱레인지의 경우 정부 보조금이 기존의 8백만원에서 341만원으로 줄어듭니다. 반면 6천만원 미만인 현대차 코나와 기아차 니로 등은 800만원을 그대로 받습니다.대중적인 차량에 보조금을 더 주고, 비싼 고급차 지원은 줄이겠다는 취지입니다.[김필수/대림대 자동차학과]""자동차 제작사한테 대중형 전기차에 대한 가격을 낮출 수 있게끔 하는 촉진책이 될 수도 있구요, 국민들한테 보급형 전기차 사용을 활성화시킨다는 이러한 장점도 있고요.""이에 따라 올해 출시 예정인 전기차들의 가격은 달라진 보조금에 맞춰 책정될 가능성이 높아졌습니다.또 지난해 보조금의 40% 이상을 받아갔던 테슬라의 독주에도 어느 정도 제동이 걸릴 것으로 보입니다. 현대차가 올 상반기 처음으로 전기차 전용 플랫폼에서 생산한 아이오닉5를 출시할 예정이고, 기아차 역시 새 전기차를 준비 중인 상황. 미국과 유럽 업체들도 전용 플랫폼을 활용한 신차를 앞다퉈 출시할 예정이어서, 올해 전기차 시장은 더욱 뜨거워질 것으로 보입니다. MBC뉴스 이유경입니다.(영상취재: 박주영 / 영상편집: 고무근)MBC 뉴스는 24시간 여러분의 제보를 기다립니다. ▷ 전화 02-784-4000▷ 이메일 mbcjebo@mbc.co.kr▷ 카카오톡 @mbc제보이유경 기자(260@mbc.co.kr)[저작권자(c) MBC (https://imnews.imbc.com) 무단복제-재배포 금지]▶ 네이버 홈에서 [MBC뉴스] 채널 구독하기▶ 새로움을 탐험하다. ""엠빅뉴스""▶ [M라운지] 편안한데 찰진 수다의 공간Copyright(c) Since 1996, MBC&iMBC All rights reserved.
	
",
20210121,MBC,2,/main/ranking/read.nhn?mode=LSD&mid=shm&sid1=001&oid=214&aid=0001094689&rankingType=RANKING,"""이 나라가 기재부 나라냐""…'방역 보상' 법제화 지시",31119,"



동영상 뉴스




	
	[뉴스데스크]◀ 앵커 ▶정부의 방역 지침을 따르다 자영업자와 소상공인이 피해를 봤다면 그 손실은 정부에서 보상해 준다는 원칙 아래 정부가 그 근거와 기준을 법으로 못박기로 했습니다.예산을 담당하는 기획재정부에서 난색을 표하자, 정세균 총리가 ""이 나라가 기재부의 나라""냐고 질책 하면서 정책 추진을 지시할 정도로 의지는 선명합니다.먼저, 이학수 기자가 보도합니다.◀ 리포트 ▶ 정세균 총리가 '자영업자 손실 보전'의 법제화를 내각에 공개적으로 지시했습니다.정부가 방역을 위해 수시로 영업을 금지하거나 제한하면서, 자영업자와 소상공인들의 희생을 계속해서 강요할 수만은 없다는 겁니다.[정세균/국무총리]""(정부의) 방역기준을 따르느라 영업을 제대로 하지 못한 분들을 위해 적절한 지원이 필요하며, 이를 제도화하는 방안을 검토해야 할 때라고 생각합니다""정 총리는 국회에서 관련 법안들이 발의된 만큼, 기획재정부 등 관계부처가 국회와 협의해 법제화에 나서달라고 주문했습니다.앞서 정 총리는 ""손실 보전을 법제화한 나라를 찾기 어렵다""는 기재부 입장을 보고받고, ""이 나라가 기재부의 나라냐""며 질타했던 것으로 드러났습니다.정부 내 엇박자 차단을 위한 총리의 공개 지시에, 기재부도 ""손실 보상을 제도화하는 방안을 검토해 국회 논의에 임하겠다""며 한 발 물러섰습니다.민주당은 당 차원에서 추진 방침을 공식화했고, 국민의힘 지도부도 자영업자 피해 보상에 더 많은 재정을 써야 한다고 강조한 바 있습니다.[김태년/더불어민주당 원내대표]""정부 지침에 따라 영업하지 못한 소상공인에 대한 지원을 제도화하는 것은 정부와 국가의 기본 책무다, 이렇게 판단하고 있습니다.""[김종인/국민의힘 비상대책위원장]""1년 동안의 경제적인 손실, 이러한 것들을 정부가 어떻게 보상할 것인가 하는 이런 측면을 갖다가 적극적으로 검토할 시기가 아닌가…""여야가 재정 지원을 통한 영업손실 보전 법제화에 공감대를 이루고 있는 만큼, 다음달 임시국회에서 관련 논의가 급물살을 탈 전망입니다. MBC뉴스 이학수입니다.(영상취재: 양동암 / 영상편집: 이정섭)MBC 뉴스는 24시간 여러분의 제보를 기다립니다. ▷ 전화 02-784-4000▷ 이메일 mbcjebo@mbc.co.kr▷ 카카오톡 @mbc제보[연관기사]1. ""이 나라가 기재부 나라냐""…'방역 보상' 법제화 지시2. 매출의 70%? 최저임금 적용?…보상 기준 '고심'3. 노바백스 원천기술도 이전…""필요한 만큼 생산""4. 완치자도 또 걸린다…""남아공 변이, 항체 무력화""5. '선교회 영어캠프' 집단감염…""거리두기 지속""이학수 기자(tchain@mbc.co.kr)[저작권자(c) MBC (https://imnews.imbc.com) 무단복제-재배포 금지]▶ 네이버 홈에서 [MBC뉴스] 채널 구독하기▶ 새로움을 탐험하다. ""엠빅뉴스""▶ [M라운지] 편안한데 찰진 수다의 공간Copyright(c) Since 1996, MBC&iMBC All rights reserved.
	
",
20210121,MBC,3,/main/ranking/read.nhn?mode=LSD&mid=shm&sid1=001&oid=214&aid=0001094484&rankingType=RANKING,"전 경기도민에 10만 원…""지급 시기는 고민""",27364,"



동영상 뉴스




	
	[뉴스투데이]◀ 앵커 ▶이재명 경기도 지사가 1400만 도민 모두에게 10만 원의 재난기본소득을 지원하기로 했습니다.다만 지급 시기는 방역 상황을 지켜보며 신중하게 결정하겠다고 밝혔습니다.고은상 기자입니다.◀ 리포트 ▶지난 4월에 이어 경기도가 도민 전체에게 보편적으로 지급하는 2차 재난기본소득 지원을 확정 발표했습니다. 지원금은 1인당 10만원, 3개월 간 사용할 수 있으며, 지역화폐 카드나 신용카드 등을 통해 쓸 수 있습니다.[이재명/경기도지사]""경기도는 소득지원의 형평성을 확보하고 재정집행에 효율성 제고를 위해서 전 도민에게 공평하게 지역화폐로 재난지원금을 지급하기로 했습니다.""지난 1차 때 해당되지 않았던 외국인과 재외동포 58만명도 포함됐습니다.재난기본소득 홈페이지나 주민센터 등에 신청하면 되고, 거주하는 시군내 학원과 약국, 식당 등 지역화폐 가맹점에서 쓸 수 있는데, 대형 마트나 백화점, 유흥업소 등은 제외됩니다.다만 지급 시기는 못박지 않았습니다.당초 방침은 다음달 12일 설 전 지급이었는데, 방역 상황에 맞춰달라는 더불어민주당의 권고를 받아들인 겁니다. 지역 상인들은 금액에 대해 일부 부족하다는 의견도 있지만 대체로는 반기는 분위기였습니다.[한동철/경기도 전통시장 상인]""나온다는 거 자체만으로도 국민들은 기분이 좋아요. 그리고 (소비) 활성화는 분명히 됩니다. 10만 원이라도.""경기도는 이번에 필요한 재원 1조 4천억원은 이미 책정돼 있던 예산으로 사용해  추가적인 지방채 발행은 없다고 설명했습니다. MBC뉴스 고은상입니다. MBC뉴스는 24시간 여러분의 제보를 기다립니다.▷ 전화 02-784-4000▷ 이메일 mbcjebo@mbc.co.kr▷ 카카오톡 @mbc제보고은상 기자(gotostorm@mbc.co.kr)[저작권자(c) MBC (https://imnews.imbc.com) 무단복제-재배포 금지]▶ 네이버 홈에서 [MBC뉴스] 채널 구독하기▶ 새로움을 탐험하다. ""엠빅뉴스""▶ [M라운지] 편안한데 찰진 수다의 공간Copyright(c) Since 1996, MBC&iMBC All rights reserved.
	
",
20210121,MBC,4,/main/ranking/read.nhn?mode=LSD&mid=shm&sid1=001&oid=214&aid=0001094600&rankingType=RANKING,"조은희, 서울시장 출마 선언…""승리신화 다시 쓰겠다""",27007,"




조은희 서초구청장 [자료사진]국민의힘 소속 조은희 서초구청장이 오는 4월 서울시장 보궐선거 출마를 선언했습니다.조 구청장은 출마선언문을 통해 ""2018년 지방선거에서 민주당 폭풍을 뚫고 홀로 야권의 희망을 밝혔다""며 ""1대 24 승리 신화를 다시 쓰겠다""고 밝혔습니다.경쟁자인 국민의당 안철수 대표와 오세훈 전 서울시장, 나경원 전 의원을 향해서는 ""10년 전 그때 그 사람들이 또 나왔다""며 ""서울시민에게 원죄가 있는 패배자가 아니라, 문재인 정부와 싸워 이겨본 사람이 이긴다""고 말했습니다.조 구청장은 서울 25개 자치구 중 유일한 야당 소속 구청장으로, 오세훈 시장 재임 시절 정무부시장을 지냈습니다.이기주 기자(kijulee@mbc.co.kr)[저작권자(c) MBC (https://imnews.imbc.com) 무단복제-재배포 금지]▶ 네이버 홈에서 [MBC뉴스] 채널 구독하기▶ 새로움을 탐험하다. ""엠빅뉴스""▶ [M라운지] 편안한데 찰진 수다의 공간Copyright(c) Since 1996, MBC&iMBC All rights reserved.
	
",
20210121,MBC,5,/main/ranking/read.nhn?mode=LSD&mid=shm&sid1=001&oid=214&aid=0001094483&rankingType=RANKING,'천정부지' 달걀 값…4년 만에 수입한다,26520,"



동영상 뉴스




	
	[뉴스투데이]◀ 앵커 ▶수입산 계란이 4년 만에 다시 우리 식탁에 오르게 됐습니다. 원하는 만큼 살 수 없을 정도로 물량이 달려서 가격이 특히 많이 올랐기 때문인데요, 또 계란 못지않게 비싸진 양파는 이미 수입산이 시장에 풀리기 시작했습니다. 설을 앞두고 사과와 소고기 같은 식품 공급 대책도 나왔습니다.김세진 기자입니다.◀ 리포트 ▶[뉴스데스크(2017.6.21)]""인천공항 하역장에 태국산 달걀 상자가 처음 도착했습니다.""지난 2017년.조류 인플루엔자 여파로 계란 한판 값이 최고 1만 원에 육박하자, 태국과 미국산 계란이 구원투수로 등장했습니다.그리고 4년 만에 다시, 정부가 수입 계란 카드를 꺼내 들었습니다.최근 계란 30개 들이 한판 값은 평균 6천5백 원대.1년 전에 비해 1천 원 넘게 올랐습니다.정부는 신선란을 포함해 8종류의 달걀 가공품 5만 톤의 관세를 없애, 급등하는 계란 값을 잡겠다는 계획입니다.[박병홍/농식품부 식품산업정책실장]""과거 2017년의 경우에는 할당관세(0%) 이후에 가격안정 효과가 있었다고 판단되고요. 금번의 경우에도 급격한 계란 가격 상승을 방지하는 효과는 있을 것으로…""정부는 또 계란 수입 전까지 급한 불을 끄기 위해, 대형마트 계란에 농축산물 쿠폰을 적용해 20% 할인된 가격에 판매하도록 했습니다.[마트 이용객]""부담감이 있어도 어쩔 수 없죠. 조금 용량(개수)이 작은 걸 썼다가 나중에 또 가격이 내려가면 그때 다시 (구입하려 합니다.)""설 성수품 공급 대책도 나왔습니다.정부는 ""사과와 배, 소고기와 돼지고기 값이 크게 올랐지만, 공급은 안정적""이라며, 10가지 설 성수품목의 공급을 1.4배 늘리겠다고 밝혔습니다. 또 가격이 60% 넘게 오른 양파의 경우, 지난달 작년보다 10배 많은 양파를 수입해 이번 주부터 풀기 시작했다며, 가격 추이를 본 뒤 추가 대책을 마련하겠다고 설명했습니다. MBC뉴스 김세진입니다.MBC 뉴스는 24시간 여러분의 제보를 기다립니다. ▷ 전화 02-784-4000▷ 이메일 mbcjebo@mbc.co.kr▷ 카카오톡 @mbc제보김세진 기자(blue32@mbc.co.kr)[저작권자(c) MBC (https://imnews.imbc.com) 무단복제-재배포 금지]▶ 네이버 홈에서 [MBC뉴스] 채널 구독하기▶ 새로움을 탐험하다. ""엠빅뉴스""▶ [M라운지] 편안한데 찰진 수다의 공간Copyright(c) Since 1996, MBC&iMBC All rights reserved.
	
",
20210121,MBC,6,/main/ranking/read.nhn?mode=LSD&mid=shm&sid1=001&oid=214&aid=0001094511&rankingType=RANKING,샌드백 찢어보니…담뱃잎 39억 원어치 가득,26126,"



동영상 뉴스




	
	[뉴스투데이]◀ 앵커 ▶담배 13만 갑, 39억 원어치를 만들 수 있는 담뱃잎을 밀수해 일부를 호주로 수출한 중국인이 적발됐습니다.개인용 샌드백 수십 개를 무더기 수입한 걸 수상하게 본 세관에 덜미가 잡혔습니다.손하늘 기자입니다.◀ 리포트 ▶세관 직원들이 대형 컨테이너를 열고 들어갑니다.컨테이너 맨 안쪽, 높이 쌓인 상자 뒤켠에 밀봉된 운동용 샌드백이 보입니다.칼로 포장을 찢자 드러난 샌드백의 정체.[인천본부세관 관계자 ]""이게 또 위장하려고, 이만큼을 걷어 내면…""담뱃잎입니다.겉보기에는 멀쩡한 운동용 샌드백입니다. 이 샌드백을 제가 열어 보면 이 안에 덮개가 하나 더 나오는데, 이 덮개도 열면 샌드백 안쪽이 말린 담뱃잎으로 가득 차 있습니다.이렇게 운동용 샌드백 29개와 공기정화 필터 88개에 담뱃잎이 숨겨져 있었습니다. 모두 중국에서 수입된 물건인데 주문자는 한 30대 중국인 여성, 당초 개인이 쓸 물건이라고 신고했습니다. 그런데 이 여성이 두 달 간 백 번 넘게 물건을 들여온 것을 수상하게 여긴 세관이 X선 검사를 실시해 담뱃잎을 적발했습니다.[이형우/인천본부세관 관세행정관]""다른 물건과 다르게 이 샌드백은 밀도가 높기 때문에…"" (아예 색칠한 것처럼 틈이 안 보이네요?) ""네, 맞습니다.""적발된 중국인은 이런 수법으로 그동안 담뱃잎 1천 3백㎏을 밀수입했고, 이 중 4백㎏은 이미 호주로 밀수출했습니다.담배 13만 갑 분량, 무려 39억 원어치인데, 밀수출을 통해 5억원의 관세를 내지 않았습니다.한국발 화물은 호주에서 세관 검사를 쉽게 통과한다는 사실을 노린 겁니다.  [장재수/인천본부세관 항만수사1팀장]""한국에서 오는 것들은 청정 이미지니까 (세관) 검사량이 적고, 중국은 검사량이 많다는 걸 알고 있으니까…""세관은 주범을 비롯해 밀수출에 가담한 일당 4명에게 벌금과 추징금 1천만 원을 부과했습니다.MBC뉴스 손하늘입니다.MBC뉴스는 24시간 여러분의 제보를 기다립니다.▷ 전화 02-784-4000▷ 이메일 mbcjebo@mbc.co.kr▷ 카카오톡 @mbc제보손하늘 기자(sonar@mbc.co.kr)[저작권자(c) MBC (https://imnews.imbc.com) 무단복제-재배포 금지]▶ 네이버 홈에서 [MBC뉴스] 채널 구독하기▶ 새로움을 탐험하다. ""엠빅뉴스""▶ [M라운지] 편안한데 찰진 수다의 공간Copyright(c) Since 1996, MBC&iMBC All rights reserved.
	
",
20210121,MBC,7,/main/ranking/read.nhn?mode=LSD&mid=shm&sid1=001&oid=214&aid=0001094415&rankingType=RANKING,"[단독] ""화이자 백신부터 온다""…보관·유통 준비 완료",25385,"



동영상 뉴스




	
	[뉴스데스크]◀ 앵커 ▶앞으로 가야 할 길은 멀지만 이 길에는 백신과 치료제가 함께 할 겁니다.다만 이 바이러스를 완전히 정복할지, 아니면 덜 위협받고 공존할지 아직, 장담하지는 못합니다.그래도 당장 반가운 소식이 들립니다.정세균 총리는 오늘 국제 백신 공급체인 코백스의 첫 물량이 다음 달 초에 들어올 가능성이 높고 MBC 취재 결과, 이때 들어오는 백신이 이미 미국과 유럽이 접종 하고 있는 화이자의 백신인 것으로 확인 됐습니다.이 얘기는 국내 첫 백신 접종은 당초 알려진 2월 말, 아스트라제네카가 아니라 2월 초나 중순 화이자 백신이 될 수 있다는 겁니다.박선하 기자가 단독 취재했습니다.◀ 리포트 ▶정세균 국무총리는 백신 공동구매기구 코백스 퍼실리티를 통해 정부가 확보한 1천만 명분 가운데 5만 명분이, 다음 달 초 먼저 들어올 수 있다고 밝혔습니다. [정세균 국무총리/ MBC 라디오 '김종배의 시선집중' 출연]""(코백스에서) '2월 초에 받을 수 있겠냐' 하는 연락이 와서 '받겠다' 그렇게 답변해놓고 지금 받을 준비를 하고 있습니다.""MBC 취재결과 처음 들어오는 코로나19 백신은 화이자사의 백신으로 확인됐습니다.정부 고위 관계자는 ""우리 정부가 코백스에서 받기로 한 백신은 화이자 백신""이라며 ""코벡스가 화이자와 뒤늦게 계약이 성사되면서 우리나라에 의사를 타진해 왔다""고 밝혔습니다.[기모란 교수/국립암센터(지난해 12월 22일)]""코백스에서 화이자를 먼저 확보하게 되면 우리가 먼저 받을 수도 있는 거예요. 왜냐면 쓸 수 있는 나라에 줘야 하니깐…저개발 국가에 줘봤자 (냉동유통체계가 없어서) 못쓰잖아요.""코백스가 이달 말 최종 확정을 해준다면 화이자 백신이 국내에 도입되는 첫 백신이 될 가능성이 높습니다. 접종도 일종의 긴급사용승인에 해당하는 '특례수입'을 적용하면 2월 초중순이면 가능해져 2월 말로 예정된 아스트라제네카 백신보다 먼저 이뤄질 수 있습니다.정부 당국자는 화이자 백신이 WHO의 긴급사용 승인을 받았는데, 이 심사에 식약처 전문가들이 함께 참여했다며 특례 적용 시 상당한 근거가 돼 절차가 빨라질 것이라고 설명했습니다.질병청 관계자는 ""초저온 냉동고 100개를 확보했고, 초저온 물류센터도 계약이 진행 중이라며 영하 70도 이하를 유지해야 하는 화이자 백신이 당장 들어와도  보관·유통엔 문제가 없다""고 밝혔습니다.다만 우선접종 대상을 누구로 할지, 접종을 몇 곳에서 진행할지는 이달 말쯤 결정해 발표할 계획입니다.이처럼 1분기에는 아스트라제네카, 2분기에는 얀센과 모더나, 3분기에는 화이자 백신이 순차적으로 도입돼 접종될 예정으로, 정부는 올해 11월쯤 전국민 집단면역 형성을 목표로 잡고 있습니다. 하지만 항체가 얼마나 형성될지 아직 확인할 수 없기 때문에 백신 접종이 시작되더라도 올해에는 거리두기와 마스크 착용을 계속해야 할 것이라고 전문가들은 강조합니다. MBC뉴스 박선하입니다.(영상편집 : 유다혜)MBC 뉴스는 24시간 여러분의 제보를 기다립니다. ▷ 전화 02-784-4000▷ 이메일 mbcjebo@mbc.co.kr▷ 카카오톡 @mbc제보[연관기사]1. 코로나 1년, 일상이 기적이었다2. 	가보지 않았던 365일의 기록…진정한 주역은 '우리'3. [단독] ""화이자 백신부터 온다""…보관·유통 준비 완료4. 고통·슬픔·헌신…방역 최전선의 목소리들5. 골프 회원권은 '2배'…고통의 시간도 '차별'6. 밥줄 잃은 219만 명…'약한 고리'부터 끊어졌다7. '노바백스' 기술도 이전…""공급 원활해질 것""박선하 기자(vividsun@mbc.co.kr)[저작권자(c) MBC (https://imnews.imbc.com) 무단복제-재배포 금지]▶ 네이버 홈에서 [MBC뉴스] 채널 구독하기▶ 새로움을 탐험하다. ""엠빅뉴스""▶ [M라운지] 편안한데 찰진 수다의 공간Copyright(c) Since 1996, MBC&iMBC All rights reserved.
	
",
20210121,MBC,8,/main/ranking/read.nhn?mode=LSD&mid=shm&sid1=001&oid=214&aid=0001094502&rankingType=RANKING,"문 대통령, 바이든 취임 축하…""미국이 돌아왔다""",24489,"




문재인 대통령은 ""미국이 돌아왔다""면서 ""미국의 새로운 시작은 민주주의를 더욱 위대하게 만들 것""이라고 조 바이든 대통령의 취임을 축하했습니다.문 대통령은 오늘 오전 SNS에 올린 메시지에서 이같이 밝히고, ""'하나 된 미국'을 향한 여정을 우리 국민들과 함께 성원한다""고 밝혔습니다.이어 ""한국은 자유를 향한 미국의 길을 항상 신뢰하며, 굳건한 동맹으로서 한반도와 역내 평화와 번영을 위해 함께하겠다""고 강조했습니다.특히 보건 안보 경제 기후변화 등 글로벌 현안의 공조를 통해 한미동맹이 더욱 강화될 거라는 기대감도 감추지 않았습니다.문 대통령은 ""미국은 반드시 '더 위대한 재건'으로 세계를 놀라게 할 거""라며 ""바이든 정부 출발에 한국도 동행한다""고 덧붙였습니다.조국현 기자(jojo@mbc.co.kr)[저작권자(c) MBC (https://imnews.imbc.com) 무단복제-재배포 금지]▶ 네이버 홈에서 [MBC뉴스] 채널 구독하기▶ 새로움을 탐험하다. ""엠빅뉴스""▶ [M라운지] 편안한데 찰진 수다의 공간Copyright(c) Since 1996, MBC&iMBC All rights reserved.
	
",
20210121,MBC,9,/main/ranking/read.nhn?mode=LSD&mid=shm&sid1=001&oid=214&aid=0001094693&rankingType=RANKING,"완치자도 또 걸린다…""남아공 변이, 항체 무력화""",23474,"



동영상 뉴스




	
	[뉴스데스크]◀ 앵커 ▶그런데 남아공에서 처음 발견돼 현재, 20개 이상의 국가로 번진 변이 바이러스가 기존의 항체로 막지 못해 다시 감염시킬 가능성이 있다는 연구 결과가 나왔습니다.이 얘기는 지금 개발돼 있는 백신이 안 먹힐 수도 있다는 겁니다.김정원 기자가 보도합니다.◀ 리포트 ▶남아프리카 공화국의 한 병원.주차장에 마련된 간이침대에 누워 코로나19 환자들이 치료를 받고 있습니다.밀려드는 환자들로 병상이 부족해져 주차장에 임시 진료소가 차려진 겁니다. [리치 시키나/간호사]""누군가 숨져야 병실에 자리가 납니다. 너무 고통스러운 상황입니다.""최근 남아공의 하루 신규 확진자는 2만여 명으로 작년 7월 대확산 때의 2배 수준으로 폭증했습니다. 전염력이 기존보다 50% 강한 '변이 바이러스' 때문으로 추정되는데, 이 바이러스는 완치자를 재감염시킬 위험도 높다는 연구 결과가 나왔습니다.남아공 국립전염병연구소가 코로나 완치자 44명의 혈청에 '변이 바이러스'를 노출 시켰더니, 절반은 혈청에 있는 항체가 무력화됐고 나머지는 항체 반응이 약해졌습니다.코로나 완치 후 항체가 생겨도 '변이'에 노출되면 또 다시 감염될 수 있다는 이야기입니다.[살림 압둘 카림/남아공 코로나 자문위원장]""'변이'가 중증도를 높이지는 않지만 자연적으로 형성된 항체가 덜 효과적인 것으로 나타났습니다. 이 때문에 '남아공 변이'가 지금까지 나온 백신의 효과를 낮출 수 있다는 우려가 나오고 있습니다.""남아공 연구팀은 새로운 백신 개발이 필요할 수 있다는 의견을 냈습니다. 우리 방역당국도 연구에 착수했습니다. [임숙영/중앙방역대책본부 상황총괄단장]""국내에서 개발되는 치료제라든가 백신과 관련해서 항체가 어떻게 형성되는지 그리고 면역 반응이 어떻게 되는지 이런 부분에 대해 연구를 진행할 예정입니다.""화이자 측은 기존 백신이 일단 영국발 변이에는 효과가 있는 것으로 나타났다며, 며칠 안에 남아공 변이에 대해서도 분석 결과를 공개하겠다고 했습니다.현재 남아공 변이는 20개국 이상에 퍼져있고 국내에서도 두 명의 감염자가 확인됐습니다.MBC뉴스 김정원입니다.(영상편집: 송지원)MBC 뉴스는 24시간 여러분의 제보를 기다립니다. ▷ 전화 02-784-4000▷ 이메일 mbcjebo@mbc.co.kr▷ 카카오톡 @mbc제보[연관기사]1. ""이 나라가 기재부 나라냐""…'방역 보상' 법제화 지시2. 매출의 70%? 최저임금 적용?…보상 기준 '고심'3. 노바백스 원천기술도 이전…""필요한 만큼 생산""4. 완치자도 또 걸린다…""남아공 변이, 항체 무력화""5. '선교회 영어캠프' 집단감염…""거리두기 지속""김정원 기자(kcw@mbc.co.kr)[저작권자(c) MBC (https://imnews.imbc.com) 무단복제-재배포 금지]▶ 네이버 홈에서 [MBC뉴스] 채널 구독하기▶ 새로움을 탐험하다. ""엠빅뉴스""▶ [M라운지] 편안한데 찰진 수다의 공간Copyright(c) Since 1996, MBC&iMBC All rights reserved.
	
",
20210121,MBC,10,/main/ranking/read.nhn?mode=LSD&mid=shm&sid1=001&oid=214&aid=0001094694&rankingType=RANKING,"'선교회 영어캠프' 집단감염…""거리두기 지속""",23401,"



동영상 뉴스




	
	[뉴스데스크]◀ 앵커 ▶이번 주 들어서 국내 신규 확진자는 4백 명 안팎을 오가고 있습니다.확산세가 잡히긴 했지만 확실한 감소세로 볼 수도 없습니다.정부는 3차 유행이 결코 끝난 게 아니라면서 행여, 방역의 경계심이 풀어지는 건 아닌지, 경계하고 있습니다.김아영 기자입니다.◀ 리포트 ▶서울 강남구의 한 상가건물 안 '영어캠프'에 다니던 수강생이 지난 17일 첫 확진된 뒤 다른 학원생과 원생의 가족 등 15명이 추가 확진됐습니다. 해당 영어캠프는 정식 어학원이 아닌 선교회에서 운영하는 시설로, 책상마다 가림막을 설치하고, 1m 이상 거리도 유지했지만, 장시간 수업이 진행된 것으로 조사됐습니다.[박유미/서울시 시민건강국장]""교사 1명과 수강생 4명이 6시간 동안 장기간 수업을 진행하고 일부 학생은 1대 1 학습을 한 것으로…""가족모임을 고리로 한 집단 감염도 발생했습니다. 경기도 시흥시에 사는 가족이 지난 16일부터 이틀간 전남 순천에서 열린 가족 모임에 참석했는데, 경남 거제, 순천, 광양 등 각지에서 모두 17명이 모였다가 11명이 확진 판정을 받았습니다.방역당국은 '5인 이상 사적모임 금지' 행정명령을 어겼는지 여부를 파악해 위반 시 과태료를 부과할 예정입니다.[신종우/경남도청 복지보건국장]""(경남)도내 일가족 5명이 다른 시도에 사는 부모님을 방문했다가 확진되는 사례가 발생했습니다. 지금은 코로나 위험에 노출시키지 않는 것이 효도하는 길입니다.""코로나19 신규 확진자 수는 401명, 이번 주 내내 4백 명 선을 오르내리고 있습니다.권덕철 보건복지부 장관은 집단감염과 생활속 개인 간 접촉에 의한 감염이 올해에도 계속될 것으로 보인다며 백신 접종으로 국민 다수가 면역을 갖게 되더라도 사회적 거리두기는 지속 돼야 한다고 밝혔습니다.[권덕철/보건복지부 장관]""백신과 치료제, 방역과 3박자를 잘 전략을 구사해서 빠른 시간 내에 극복되고 일상 회복될 수 있도록…(노력하겠습니다.)""권 장관은 다만 거리두기에 따른 피로가 높아질 수 있다며 일률적인 방역보다 상황과 조건에 따른 정밀방역으로 가야 할 것이라고 강조했습니다. MBC뉴스 김아영입니다.(영상취재: 조윤기, 권혁용, 전승현 / 영상편집: 김가람)MBC 뉴스는 24시간 여러분의 제보를 기다립니다. ▷ 전화 02-784-4000▷ 이메일 mbcjebo@mbc.co.kr▷ 카카오톡 @mbc제보[연관기사]1. ""이 나라가 기재부 나라냐""…'방역 보상' 법제화 지시2. 매출의 70%? 최저임금 적용?…보상 기준 '고심'3. 노바백스 원천기술도 이전…""필요한 만큼 생산""4. 완치자도 또 걸린다…""남아공 변이, 항체 무력화""5. '선교회 영어캠프' 집단감염…""거리두기 지속""김아영 기자(aykim@mbc.co.kr)[저작권자(c) MBC (https://imnews.imbc.com) 무단복제-재배포 금지]▶ 네이버 홈에서 [MBC뉴스] 채널 구독하기▶ 새로움을 탐험하다. ""엠빅뉴스""▶ [M라운지] 편안한데 찰진 수다의 공간Copyright(c) Since 1996, MBC&iMBC All rights reserved.
	
",
20210121,MBC,11,/main/ranking/read.nhn?mode=LSD&mid=shm&sid1=001&oid=214&aid=0001094610&rankingType=RANKING,차 막았다고 아파트 경비원 폭행…30대 중국인 남성 구속,22740,"




아파트 출입구에서 지인의 차량을 막았다는 이유로 경비원들을 폭행했던 입주민이 구속됐습니다.인천지방법원 부천지원은 오늘 중국 국적의 35살 남성에 대해 상해와 폭행 등 혐의로 구속영장을 발부했습니다.재판부는 ""범죄 혐의가 소명되고 범행이 중대하며 동종 전과가 있는데다 출국금지 조치된 상황 등을 고려했다""고 설명했습니다.이 남성은 영장실질 심사에 출석하면서 ""잘못을 인정하느냐, 사과할 생각이 있느냐""는 취재진의 질문에 ""반성한다, 죄송하다""고 답했습니다.남성은 지난 11일 밤 경기 김포시 한 아파트의 출입구에서, 등록되지 않은 지인의 차량을 경비원들이 막았다는 이유로 50대 경비원 2명을 때려 갈비뼈와 코뼈를 다치게 한 혐의를 받고 있습니다.손하늘 기자(sonar@mbc.co.kr)[저작권자(c) MBC (https://imnews.imbc.com) 무단복제-재배포 금지]▶ 네이버 홈에서 [MBC뉴스] 채널 구독하기▶ 새로움을 탐험하다. ""엠빅뉴스""▶ [M라운지] 편안한데 찰진 수다의 공간Copyright(c) Since 1996, MBC&iMBC All rights reserved.
	
",
20210121,MBC,12,/main/ranking/read.nhn?mode=LSD&mid=shm&sid1=001&oid=214&aid=0001094707&rankingType=RANKING,수도권 한 달 새 1억 '껑충'…9년 만에 최고 상승률,20709,"



동영상 뉴스




	
	[뉴스데스크]◀ 앵커 ▶연초부터 집값 상승세가 심상치 않습니다. 정부가 특단의 공급대책을 예고했는데도 이번 주 수도권 아파트값 상승률이 통계 작성 이래 최고치를 기록했습니다.이준희 기자가 취재했습니다.◀ 리포트 ▶경기도 고양시의 한 아파트.지난달 7억 1천500만 원에 거래된 35평, 전용 84㎡형이 지난주 9억 원에 팔렸습니다.치솟는 집값을 보며, 계약을 파기하는 집주인도 잇따르고 있습니다.[이훈희/경기 고양시 공인중개사]""(매도인들이) 보험회사에서 대출받으시거나 이렇게 해서 (계약)해지를 많이 하시고요. 급격하게 오른 건 12월 들어서…이렇게 빨리 올라간 건 저도 처음 봤고요."" 경기도 의왕의 이 아파트 단지도 29평, 전용면적 74㎡ 형이 지난주 9억 7천만 원에 거래돼 한 달 만에 1억이 뛰었습니다.이번 주 수도권 아파트값 상승률은 0.31%로, 2012년 한국부동산원 통계 작성 이래 가장 높았습니다.지난달 대규모 지방 규제로 다시 수도권 집을 사려는 수요가 증가한 데다, 전세난에 떠밀린 매입도 계속됐기 때문입니다.[경기 의왕시 중개업자]""전세 살다가 전셋값이 원체 많이 오르니까 이 기회에 사자 해서 그냥 사시는 분들이 많고, 서울에서도 많이 와요.""서울도 재건축·재개발 단지 위주로 상승세가 이어지고 있습니다.[서울 흑석2구역 중개업자]""전화 오는 것 같더라고. 물건들 있는지 시세 파악하고 막 그런 전화 같은데, 물건이 별로 없어요. 몇 가구 안 돼요.""대통령이 특단의 대책을 주문하면서 공급 확대를 위한 도심 개발이 예상되는데다, 서울시장 선거를 앞두고 정치권의 주택 관련 공약도 쏟아지고 있기 때문입니다.[김진유/경기대 도시교통공학과 교수]""공급이 완료가 됐을 때에는 효과가 나타나서 주택가격이 안정화되지만, 공급하는 과정에서는 아무리 개발이익을 환수한다고 해도 전체를 환수할 수는 없기 때문에…""국토부가 다음 달 초 공급대책 발표를 예고한 가운데, 이번 공급의 규모가 작년 8·4 대책 당시의 13만 2천 호를 크게 웃돌 거란 전망이 나오고 있습니다.MBC뉴스 이준희입니다.(영상취재: 김우람 / 영상편집: 변서하)MBC 뉴스는 24시간 여러분의 제보를 기다립니다. ▷ 전화 02-784-4000▷ 이메일 mbcjebo@mbc.co.kr▷ 카카오톡 @mbc제보이준희 기자(letswin@mbc.co.kr)[저작권자(c) MBC (https://imnews.imbc.com) 무단복제-재배포 금지]▶ 네이버 홈에서 [MBC뉴스] 채널 구독하기▶ 새로움을 탐험하다. ""엠빅뉴스""▶ [M라운지] 편안한데 찰진 수다의 공간Copyright(c) Since 1996, MBC&iMBC All rights reserved.
	
",
20210121,MBC,13,/main/ranking/read.nhn?mode=LSD&mid=shm&sid1=001&oid=214&aid=0001094476&rankingType=RANKING,오늘 400명 안팎 예상…'5인 이상' 해제는 미뤄,18850,"



동영상 뉴스




	
	[뉴스투데이]◀ 앵커 ▶지난주 5백 명대였던 코로나19 확진자 수는 일요일을 기점으로 4백 명대 안팎으로 감소한 모습입니다.0시 기준으로 발표될 오늘 확진자 수도 400명 안팎일 것으로 예상돼, 확산세는 진정돼 가고 있어 보입니다.하지만 산발적 감염 때문에 5인 이상 모임금지 조치 해제 여부를 놓고 방역당국이 고민 중입니다.박진주 기자가 보도합니다.◀ 리포트 ▶어제 저녁 9시 기준으로 집계된 신규 확진자는 368명.전날 같은 시각보다 9명 적어, 오늘 0시 기준, 확진자 수는 어제 404명과 비슷한, 400명 안팎이 될 전망입니다. 전국 곳곳에서 크고 작은 집단감염이 이어져, 경기 김포시 주간보호센터에서 지난 18일 첫 환자가 나온 뒤 15명이 추가로 양성 판정을 받았고, 서울 동대문구 사우나 관련 확진자는 28명으로 늘었습니다.경북 상주시 'BTJ열방센터' 관련 확진자는 787명으로 늘어났습니다.정부는 3차 대유행의 추세를 살펴본 뒤 '5인 이상 모임금지' 조치 해제 여부를 검토하겠다고 밝혔습니다.[윤태호/중앙사고수습본부 방역총괄반장]""확진자 수에 연동이 되어서 취해질 조치라기보다는, 3차 유행을 얼마만큼 지속을 하고, 그리고 현재 어느 정도의 위험 요인이 있는지에 대한 전반적인 판단을 통해서… (결정하겠습니다)""한편 서울구치소에서 코로나19 확진 판정을 받은 직원과 밀접 접촉한 박근혜 전 대통령은 음성 판정을 받았습니다.교정 당국은 예방적 차원에서 박 전 대통령을 외부 병원으로 옮겨 당분간 격리 조치할 예정입니다.MBC 뉴스 박진주입니다.MBC 뉴스는 24시간 여러분의 제보를 기다립니다. ▷ 전화 02-784-4000▷ 이메일 mbcjebo@mbc.co.kr▷ 카카오톡 @mbc제보박진주 기자(jinjoo@mbc.co.kr)[저작권자(c) MBC (https://imnews.imbc.com) 무단복제-재배포 금지]▶ 네이버 홈에서 [MBC뉴스] 채널 구독하기▶ 새로움을 탐험하다. ""엠빅뉴스""▶ [M라운지] 편안한데 찰진 수다의 공간Copyright(c) Since 1996, MBC&iMBC All rights reserved.
	
",
20210121,MBC,14,/main/ranking/read.nhn?mode=LSD&mid=shm&sid1=001&oid=214&aid=0001094702&rankingType=RANKING,"""분류작업 시키지 마라""…밤 9시 이후 배송도 제한",17788,"



동영상 뉴스




	
	[뉴스데스크]◀ 앵커 ▶택배 상자들이 가득 쌓여있는 트럭 한켠에서 겨우 끼니를 때우고 있는 택배 노동자들의 모습입니다. 코로나에 설 연휴까지 겹치면서 밥 먹을 시간은 물론 숨 돌릴 틈 없이 일하는 택배 노동자들의 과로 문제를 해결하기 위한 대책이 한 달 여간의 긴 협상 끝에 나왔습니다. 앞으로는 과로의 주 원인으로 지목된 택배 분류 작업을 택배 기사들이 하지 않아도 되고, 심야 배송도 제한하기로 했습니다. 조영익 기자가 취재했습니다.◀ 리포트 ▶ 더불어민주당 우원식 의원과 박석운 택배 과로사 대책위 대표가 서로 얼싸안았습니다.노사정이 참여한 사회적 합의기구가 한 달여의 협상 끝에 택배노동자의 과로를 막기 위한 1차 합의에 서명했습니다.핵심 쟁점은 배송할 물건을 '집하장에서 분류하는 작업'을 누가 맡느냐였습니다.분류작업은 택배 노동자 과로사의 원인으로 지목돼왔기 때문입니다. 택배 노동자들이 공짜로 분류작업까지 떠맡아 과로를 할 수밖에 없다는 노조 측 주장에 대해 이번 합의는 분류작업은 택배회사 책임이라는 점을 명확히 했습니다.[진경호/택배연대노조 수석부위원장]""감격스럽게도 택배가 도입된 지 28년 동안 공짜 노동으로 일해왔던 분류작업으로부터 택배노동자들이 완전히 해방되고…""앞으로는 택배 노동자들이 분류업무를 안해도 되고, 택배사는 분류작업 전담인력을 따로 고용해야 합니다.만약 택배 노동자가 분류작업을 해야만 할 때는 대가를 반드시 지급하도록 했습니다.택배 노동자의 최대 작업시간도 일주일에 60시간, 하루 12시간으로 제한하기로 했고, 물량이 크게 늘어난 예외적 상황이 아니라면 밤 9시 이후 배송은 금지하고, 배송지연에 대한 책임도 최대 2일까지는 묻지 않기로 합의했습니다.[이낙연/더불어민주당 대표]""오늘 합의로 모든 것이 끝나지는 않을 것입니다. 이제 시작이라고 생각합니다. 오늘 합의를 토대로 해서 살을 붙이고 현실에 뿌리내리도록…""다만 택배요금 현실화 없이 작업시간만 줄어들면 택배 노동자의 소득이 줄어드는 점을 고려해, 택배 수수료가 인상되는 시점에 작업시간도 줄이기로 했습니다.노사정은 다음 달 17일부터 2차 사회적 논의를 시작해 택배요금 현실화 문제를 다룹니다.노동계는 이번 합의를 즉각 환영하며 설을 앞둔 택배 총파업 계획도 철회하기로 했습니다.MBC뉴스 조영익입니다.(영상편집: 이지영)MBC 뉴스는 24시간 여러분의 제보를 기다립니다. ▷ 전화 02-784-4000▷ 이메일 mbcjebo@mbc.co.kr▷ 카카오톡 @mbc제보조영익 기자(cyi@mbc.co.kr)[저작권자(c) MBC (https://imnews.imbc.com) 무단복제-재배포 금지]▶ 네이버 홈에서 [MBC뉴스] 채널 구독하기▶ 새로움을 탐험하다. ""엠빅뉴스""▶ [M라운지] 편안한데 찰진 수다의 공간Copyright(c) Since 1996, MBC&iMBC All rights reserved.
	
",
20210121,MBC,15,/main/ranking/read.nhn?mode=LSD&mid=shm&sid1=001&oid=214&aid=0001094485&rankingType=RANKING,퇴근길 순찰차 앞 펼쳐진 '모세의 기적',17162,"



동영상 뉴스




	
	[뉴스투데이]◀ 앵커 ▶구급차나 소방차가 지나갈 때 길을 터주는 이른바 모세의 기적은 우리 사회의 성숙한 시민의식을 보여주죠.대전에서 길이 꽉 막힌 퇴근 시간,  위급한 아이를 태운 순찰차에게 길을 터준 시민들의 모습이 블랙박스에  담겼습니다.김광연 기자입니다.◀ 리포트 ▶순찰차 뒤로 SUV 한 대가 비상등을 깜빡이며 다가옵니다.이내 순찰차 옆에 서더니 잠시 뒤 여자아이를 안은 한 여성이 경찰차 뒷자석에 탑니다.위급한 아이를 데리고 병원에 가던 중 차가 많이 막히자 도움을 요청한 겁니다.[황동우/대전동부경찰서 교통안전계 경장]""아버님이 옆으로 차를 대면서 오시더니 아기가 경기를 일으키면서 위험한 상황인 것 같다고, 병원까지 빨리 좀 옮겨 달라고…""순찰차는 즉시 경광등을 켜고 인근 대학병원으로 향했습니다.하지만 퇴근길 꽉 막힌 도로.비상상황임을 눈치챈 앞서가던 차량들이 하나둘 옆 차로로 비켜서고, 순찰차도 점차 속도를 낼 수 있었습니다. 차량들이 꼬리를 문 병원 인근 교차로에서 고비를 만났지만, 반대 차로를 통해 무사히 병원에 도착했습니다.  [황동우/대전동부경찰서 교통안전계 경장]""아무래도 퇴근 시간이다 보니 차가 많아서…다행히 비상등 켜면서 사이렌 소리를 울리니까 차량 앞에 가시던 시민들이 고맙게도 비켜주시고.""시민들의 배려와 경찰관의 기지로 빠르게 병원에 도착한 아이는 무사히 집으로 돌아간 것으로 알려졌습니다.지난 12일부터 시행중인 개정된 도로교통법은 경찰이나 소방 등 긴급자동차의 경우 중앙선 침범과 신호 위반 등 9가지 통행 특례를 확대했는데, 앞으로 골든타임 확보에도 도움이 될 것으로 보입니다. MBC뉴스 김광연입니다.MBC뉴스는 24시간 여러분의 제보를 기다립니다.▷ 전화 02-784-4000▷ 이메일 mbcjebo@mbc.co.kr▷ 카카오톡 @mbc제보김광연 기자(kky27@tjmbc.co.kr)[저작권자(c) MBC (https://imnews.imbc.com) 무단복제-재배포 금지]▶ 네이버 홈에서 [MBC뉴스] 채널 구독하기▶ 새로움을 탐험하다. ""엠빅뉴스""▶ [M라운지] 편안한데 찰진 수다의 공간Copyright(c) Since 1996, MBC&iMBC All rights reserved.
	
",
20210121,MBC,16,/main/ranking/read.nhn?mode=LSD&mid=shm&sid1=001&oid=214&aid=0001094466&rankingType=RANKING,"트럼프, 퇴임 3시간전 고별연설서 ""어떤 식으로든 돌아오겠다""",16756,"




도널드 트럼프 대통령은 퇴임일인 현지시간 20일 차기 행정부의 성공을 기원한다면서도 항상 싸워나가겠다며 어떤 방식으로든 돌아올 것이라고 말했습니다.트럼프 대통령은 백악관을 떠나 메릴랜드주에 위치한 앤드루스 공군기지 활주로에서 가진 환송행사 연설에서 ""여러분은 정말 대단하며, 이 나라는 위대하다, 여러분의 대통령이 된 것은 가장 큰 영광이자 특권""이라고 말했다고 CNN방송 등 현지 언론이 보도했습니다.트럼프 대통령은 또 ""항상 여러분을 위해 싸우겠다. 지켜보겠다""며 ""어떤 방식으로든 되돌아올 것""이고 ""우린 곧 보게 될 것""이라고 말했습니다.구체적인 언급은 없었지만 대선 불복의 연장선에서 4년 뒤 재도전 가능성이 거론돼 온 만큼 정계 복귀 의지를 피력한 것으로 해석됩니다.박영일 기자(parkyi75@mbc.co.kr)[저작권자(c) MBC (https://imnews.imbc.com) 무단복제-재배포 금지]▶ 네이버 홈에서 [MBC뉴스] 채널 구독하기▶ 새로움을 탐험하다. ""엠빅뉴스""▶ [M라운지] 편안한데 찰진 수다의 공간Copyright(c) Since 1996, MBC&iMBC All rights reserved.
	
",
20210121,MBC,17,/main/ranking/read.nhn?mode=LSD&mid=shm&sid1=001&oid=214&aid=0001094589&rankingType=RANKING,'천정부지' 달걀 값…4년 만에 다시 수입,16703,"



동영상 뉴스




	
	[정오뉴스]◀ 앵커 ▶최근 식탁물가 급등으로 비상이 걸린 가운데, 특히 많이 오른 계란값 안정을 위해 4년만에 다시 계란을 수입하기로 했습니다.사과나 소고기 같은 설 성수품 공급 대책도 나왔습니다. 김세진 기자입니다.◀ 리포트 ▶정부가 수입 계란 카드를 꺼내들었습니다.최근 계란 30개 들이 한판 값은 평균 6천5백원대.1년 전에 비해 1천원 넘게 올랐습니다.정부는 신선란을 포함해 8종류의 달걀 가공품 5만톤의 관세를 없애, 급등하는 계란값을 잡겠다는 계획입니다.[박병홍/ 농식품부 식품산업정책실장]""과거 2017년의 경우에는 할당관세(0%) 이후에 가격안정 효과가 있었다고 판단되고요. 금번의 경우에도 급격한 계란 가격 상승을 방지하는 효과는 있을 것으로…""정부는 또 계란 수입 전까지 급한 불을 끄기 위해, 대형마트 계란에 농축산물 쿠폰을 적용해 20% 할인된 가격에 판매하도록 했습니다.설 성수품 공급 대책도 나왔습니다.정부는 ""사과와 배, 소고기와 돼지고기 값이 크게 올랐지만, 공급은 안정적""이라며, 10가지 설 성수품목의 공급을 1.4배 늘리겠다고 밝혔습니다. 또 가격이 60% 넘게 오른 양파의 경우, 지난달 작년보다 10배 많은 양파를 수입해 이번주부터 풀기 시작했다며, 가격 추이를 본 뒤 추가 대책을 마련하겠다고 설명했습니다. MBC뉴스 김세진입니다.MBC뉴스는 24시간 여러분의 제보를 기다립니다.▷ 전화 02-784-4000▷ 이메일 mbcjebo@mbc.co.kr▷ 카카오톡 @mbc제보김세진 기자(blue32@mbc.co.kr)[저작권자(c) MBC (https://imnews.imbc.com) 무단복제-재배포 금지]▶ 네이버 홈에서 [MBC뉴스] 채널 구독하기▶ 새로움을 탐험하다. ""엠빅뉴스""▶ [M라운지] 편안한데 찰진 수다의 공간Copyright(c) Since 1996, MBC&iMBC All rights reserved.
	
",
20210121,MBC,18,/main/ranking/read.nhn?mode=LSD&mid=shm&sid1=001&oid=214&aid=0001094607&rankingType=RANKING,"신규 확진 401명…""경계심 풀리고 있어 우려""",16039,"



동영상 뉴스




	
	[뉴스외전]◀ 앵커 ▶오늘 코로나19 확진자는 4백1명, 이번주 들어 계속 4백명 선을 오르내리고 있습니다.확산세는 잡았지만, 확실한 감소세로는 이어지지 않고 있어, 방역 당국이 조금만 더 경계심을 이어가 달라고 당부했습니다.전동혁 기자입니다.◀ 리포트 ▶ 중앙방역대책본부는 오늘 0시 기준 코로나19 신규 확진자는 401명으로 누적 확진자는 73,918명을 기록했다고 밝혔습니다.신규 확진자 수는 지난 18일 389명을 기록한 뒤 나흘 연속 4백명 선을 오르내리고 있습니다.신규 확진자 가운데 국내 발생 사례는 380명, 해외 유입 사례는 21명입니다.국내 사례는 지역별로 서울 122명, 경기 113명, 인천 22명 등 수도권에서 257명이 발생했고, 부산 19명, 경남 15명, 전남 14명, 충남 10명 등 지역에서도 1백명이 넘는 신규 확진 사례가 나왔습니다.수도권은 기존 요양시설과 직장의 집단감염 규모가 계속 커지는 가운데, 충남 서천군의 한 교회에선 지난 15일 첫 확진자 발생 이후 6명이 추가 확진돼 7명의 집단감염이 새로 발생했고, 세종시의 한 음악학원에서도 지난 14일 첫 확진자 발생 이후 10명이 추가 확진돼 모두 11명의 새로운 집단감염이 추가됐습니다.방역 당국은 이달 들어 신규 확진자 수가 완만한 감소세를 보이고 있지만, 지난해 11월부터 꾸준히 감소하던 사람들의 이동량이 지난 주말 수도권은 13%, 비수도권은 20% 증가하는 등 경계심이 풀리고 있다며 우려했습니다.방역 당국은 최근 2주간 확진자와 개별적으로 접촉해 전염된 사례가 43.8%로 가장 많았다며 방심할 경우 언제든 다시 증가세로 돌아갈 수 있다고 경고했습니다.MBC뉴스 전동혁입니다.MBC 뉴스는 24시간 여러분의 제보를 기다립니다. ▷ 전화 02-784-4000▷ 이메일 mbcjebo@mbc.co.kr▷ 카카오톡 @mbc제보전동혁 기자(dhj@mbc.co.kr)[저작권자(c) MBC (https://imnews.imbc.com) 무단복제-재배포 금지]▶ 네이버 홈에서 [MBC뉴스] 채널 구독하기▶ 새로움을 탐험하다. ""엠빅뉴스""▶ [M라운지] 편안한데 찰진 수다의 공간Copyright(c) Since 1996, MBC&iMBC All rights reserved.
	
",
20210121,MBC,19,/main/ranking/read.nhn?mode=LSD&mid=shm&sid1=001&oid=214&aid=0001094491&rankingType=RANKING,"'바이든 랠리' 뉴욕증시, 취임 날 3대 지수 모두 신기록",15805,"




미국 뉴욕증시가 조 바이든 대통령 취임식날 일제히 역대최고치를 기록하며 상승 마감했습니다.다우존스30 산업평균지수는 전장보다 0.83% 오른 31,188.38에 거래를 마쳤습니다.S&P 500 지수는 1.39% 오른 3,851.85에, 기술주 중심의 나스닥 지수는 1.97% 상승한 13,457.25에 각각 장을 마감했습니다.박영일 기자(parkyi75@mbc.co.kr)[저작권자(c) MBC (https://imnews.imbc.com) 무단복제-재배포 금지]▶ 네이버 홈에서 [MBC뉴스] 채널 구독하기▶ 새로움을 탐험하다. ""엠빅뉴스""▶ [M라운지] 편안한데 찰진 수다의 공간Copyright(c) Since 1996, MBC&iMBC All rights reserved.
	
",
20210121,MBC,20,/main/ranking/read.nhn?mode=LSD&mid=shm&sid1=001&oid=214&aid=0001094513&rankingType=RANKING,[스마트 리빙] 현금 영수증 미발급 신고하면 포상금 나와요,15356,"



동영상 뉴스




	
	[뉴스투데이]원래 77개였던 현금 영수증 의무 발행 업종이 올해부터 87개 업종으로 늘어났죠. 애견용품점이나 미용실, 옷 가게 등에서 10만 원 이상 현금 거래를 했다면 소비자는 현금 영수증을 받아야 합니다. 미용실이나 옷·신발 가게, 이동통신 대리점, 독서실, 고시원 등 현금 영수증 의무 발행 업종에서 1건당 10만 원 이상 현금 거래가 이뤄지면 사업자는 소비자가 요구하지 않더라도 현금 영수증을 발급해줘야 합니다. 사업자는 부가가치세 신고할 때 현금 영수증 발행 금액의 1.3%를 세액 공제받을 수 있고요.소비자는 연말 정산할 때 현금 영수증 사용 금액에 대해 30% 소득 공제 혜택을 누릴 수 있습니다. 현금 영수증 의무 발행 업종에 속하는 사업자가 세금을 줄이려고 현금 영수증을 발급해주지 않거나, 발급 요청을 거부하는 것은 불법인데요. 위반 사실이 확인되면 사업자에게 거래 대금의 20%가 가산세로 부과 되고요. 소비자에게는 포상금으로 한 건당 50만 원 한도로 미발급액의 20%가 지급됩니다. 현금 영수증 의무 발행 업종에서 10만 원 이상 거래했다면 현금 영수증을 꼭 받으시고요. 사업자가 발급을 거부했다면 홈택스 홈페이지나 스마트폰 앱 손택스, 상담·제보, 현금영수증 민원 신고 항목에서 신고하시기 바랍니다. 안주희 아나운서[저작권자(c) MBC (https://imnews.imbc.com) 무단복제-재배포 금지]▶ 네이버 홈에서 [MBC뉴스] 채널 구독하기▶ 새로움을 탐험하다. ""엠빅뉴스""▶ [M라운지] 편안한데 찰진 수다의 공간Copyright(c) Since 1996, MBC&iMBC All rights reserved.
	
",
20210121,MBC,1,/main/ranking/read.nhn?mode=LSD&mid=shm&sid1=001&oid=214&aid=0001094596&rankingType=RANKING,"검찰, '김학의 출국금지' 관련 법무부 압수수색",,"




김학의 전 법무부 차관의 '불법 출국금지' 의혹을 수사 중인 검찰이 강제수사에 나섰습니다.수원지방검찰청은 오늘 오전부터 법무부 출입국외국인정책본부 등을 상대로 압수수색을 진행하고 있다고 밝혔습니다.검찰은 확보한 자료를 토대로, 당시 어떤 의사결정을 거쳐 김 전 차관의 긴급출국금지 결정이 내려졌는지 확인할 방침으로 알려졌습니다.윤상문 기자(sangmoon@mbc.co.kr)[저작권자(c) MBC (https://imnews.imbc.com) 무단복제-재배포 금지]▶ 네이버 홈에서 [MBC뉴스] 채널 구독하기▶ 새로움을 탐험하다. ""엠빅뉴스""▶ [M라운지] 편안한데 찰진 수다의 공간Copyright(c) Since 1996, MBC&iMBC All rights reserved.
	
",484
20210121,MBC,2,/main/ranking/read.nhn?mode=LSD&mid=shm&sid1=001&oid=214&aid=0001094695&rankingType=RANKING,검찰 '김학의 출국 금지' 법무부 압수수색,,"



동영상 뉴스




	
	[뉴스데스크]◀ 앵커 ▶이른바 별장 성 접대 사건의 당사자인 김학의 전 법무 차관이 심야에 비행기를 타려다 출국 금지 때문에 제지 당하는 일이 2년 전, 발생했습니다.그런데 당시 법무부와 검찰이 출국 금지를 하는 과정에 불법 행위가 있었다는 공익 제보가 접수됐고 검찰이 오늘 법무부를 압수 수색하는 것으로 강제 수사에 착수했습니다.먼저, 임현주 기자가 보도합니다.◀ 리포트 ▶지난 2019년 3월 23일 새벽.태국행 비행기에 오르려던 김학의 전 법무부 차관이 탑승 5분 전 출입국당국에 의해 제지당했습니다.[김학의/전 법무차관(2019년 3월 23일 새벽)]""(성접대 의혹 인정하십니까?)…(소환조사는 왜 불응하시나요?)…""2013년 이른바 별장 성 접대 의혹이 불거졌지만, 전혀 처벌받지 않은 김학의 전 차관.6년 뒤 재조사에 나선 검찰 과거사진상조사단이 출석을 요청하자, 차명폰을 든 채 현금으로 항공권을 사 한밤중 출국을 시도했던 겁니다.석 달 뒤 김 전 차관은 재판에 넘겨졌고, 뇌물을 받은 혐의가 작년 10월 항소심에서 유죄로 인정된 상태입니다.하지만 2년 전 출국금지 조치가 부당했다는 공익신고가 최근 접수됐고, 검찰이 오늘 관련 기관들을 동시 압수수색했습니다.법무부 출입국본부와 대검찰청 정책기획과, 또, 당시 과거사진상조사단 파견 검사의 사무실과 집 등이 수색 대상입니다.공익신고 내용에 따르면, 과거사진상조사단 파견 검사는, 대검찰청의 반대에도 불구하고 출국금지를 강행하면서, 허위 사건번호를 적은 출국금지 요청서를, 기관장 서명도 없이 법무부에 보냈고, 이에 따라 출국금지가 이뤄졌습니다.실제로 김 전 차관은 당시 과거사조사단의 재조사 대상이었을 뿐, 정식입건된 피의자 신분은 아니었습니다.따라서 과거사조사단이 무리하게 출국금지 조치를 하려다 출입국관리법 등을 위반했다는 겁니다.검찰은 확보한 전산기록 등을 분석한 뒤, 조만간 출국금지에 관여한 파견 검사 등 당사자들을 불러 조사할 예정입니다.MBC뉴스 임현주입니다. (영상편집: 유다혜)MBC 뉴스는 24시간 여러분의 제보를 기다립니다. ▷ 전화 02-784-4000▷ 이메일 mbcjebo@mbc.co.kr▷ 카카오톡 @mbc제보[연관기사]1. 검찰 '김학의 출국 금지' 법무부 압수수색2. ""출국 금지 안 했다면 오히려 직무유기""…2년 만에 왜?임현주 기자(mosqueen@mbc.co.kr)[저작권자(c) MBC (https://imnews.imbc.com) 무단복제-재배포 금지]▶ 네이버 홈에서 [MBC뉴스] 채널 구독하기▶ 새로움을 탐험하다. ""엠빅뉴스""▶ [M라운지] 편안한데 찰진 수다의 공간Copyright(c) Since 1996, MBC&iMBC All rights reserved.
	
",452
20210121,MBC,3,/main/ranking/read.nhn?mode=LSD&mid=shm&sid1=001&oid=214&aid=0001094610&rankingType=RANKING,차 막았다고 아파트 경비원 폭행…30대 중국인 남성 구속,,"




아파트 출입구에서 지인의 차량을 막았다는 이유로 경비원들을 폭행했던 입주민이 구속됐습니다.인천지방법원 부천지원은 오늘 중국 국적의 35살 남성에 대해 상해와 폭행 등 혐의로 구속영장을 발부했습니다.재판부는 ""범죄 혐의가 소명되고 범행이 중대하며 동종 전과가 있는데다 출국금지 조치된 상황 등을 고려했다""고 설명했습니다.이 남성은 영장실질 심사에 출석하면서 ""잘못을 인정하느냐, 사과할 생각이 있느냐""는 취재진의 질문에 ""반성한다, 죄송하다""고 답했습니다.남성은 지난 11일 밤 경기 김포시 한 아파트의 출입구에서, 등록되지 않은 지인의 차량을 경비원들이 막았다는 이유로 50대 경비원 2명을 때려 갈비뼈와 코뼈를 다치게 한 혐의를 받고 있습니다.손하늘 기자(sonar@mbc.co.kr)[저작권자(c) MBC (https://imnews.imbc.com) 무단복제-재배포 금지]▶ 네이버 홈에서 [MBC뉴스] 채널 구독하기▶ 새로움을 탐험하다. ""엠빅뉴스""▶ [M라운지] 편안한데 찰진 수다의 공간Copyright(c) Since 1996, MBC&iMBC All rights reserved.
	
",333
20210121,MBC,4,/main/ranking/read.nhn?mode=LSD&mid=shm&sid1=001&oid=214&aid=0001094689&rankingType=RANKING,"""이 나라가 기재부 나라냐""…'방역 보상' 법제화 지시",,"



동영상 뉴스




	
	[뉴스데스크]◀ 앵커 ▶정부의 방역 지침을 따르다 자영업자와 소상공인이 피해를 봤다면 그 손실은 정부에서 보상해 준다는 원칙 아래 정부가 그 근거와 기준을 법으로 못박기로 했습니다.예산을 담당하는 기획재정부에서 난색을 표하자, 정세균 총리가 ""이 나라가 기재부의 나라""냐고 질책 하면서 정책 추진을 지시할 정도로 의지는 선명합니다.먼저, 이학수 기자가 보도합니다.◀ 리포트 ▶ 정세균 총리가 '자영업자 손실 보전'의 법제화를 내각에 공개적으로 지시했습니다.정부가 방역을 위해 수시로 영업을 금지하거나 제한하면서, 자영업자와 소상공인들의 희생을 계속해서 강요할 수만은 없다는 겁니다.[정세균/국무총리]""(정부의) 방역기준을 따르느라 영업을 제대로 하지 못한 분들을 위해 적절한 지원이 필요하며, 이를 제도화하는 방안을 검토해야 할 때라고 생각합니다""정 총리는 국회에서 관련 법안들이 발의된 만큼, 기획재정부 등 관계부처가 국회와 협의해 법제화에 나서달라고 주문했습니다.앞서 정 총리는 ""손실 보전을 법제화한 나라를 찾기 어렵다""는 기재부 입장을 보고받고, ""이 나라가 기재부의 나라냐""며 질타했던 것으로 드러났습니다.정부 내 엇박자 차단을 위한 총리의 공개 지시에, 기재부도 ""손실 보상을 제도화하는 방안을 검토해 국회 논의에 임하겠다""며 한 발 물러섰습니다.민주당은 당 차원에서 추진 방침을 공식화했고, 국민의힘 지도부도 자영업자 피해 보상에 더 많은 재정을 써야 한다고 강조한 바 있습니다.[김태년/더불어민주당 원내대표]""정부 지침에 따라 영업하지 못한 소상공인에 대한 지원을 제도화하는 것은 정부와 국가의 기본 책무다, 이렇게 판단하고 있습니다.""[김종인/국민의힘 비상대책위원장]""1년 동안의 경제적인 손실, 이러한 것들을 정부가 어떻게 보상할 것인가 하는 이런 측면을 갖다가 적극적으로 검토할 시기가 아닌가…""여야가 재정 지원을 통한 영업손실 보전 법제화에 공감대를 이루고 있는 만큼, 다음달 임시국회에서 관련 논의가 급물살을 탈 전망입니다. MBC뉴스 이학수입니다.(영상취재: 양동암 / 영상편집: 이정섭)MBC 뉴스는 24시간 여러분의 제보를 기다립니다. ▷ 전화 02-784-4000▷ 이메일 mbcjebo@mbc.co.kr▷ 카카오톡 @mbc제보[연관기사]1. ""이 나라가 기재부 나라냐""…'방역 보상' 법제화 지시2. 매출의 70%? 최저임금 적용?…보상 기준 '고심'3. 노바백스 원천기술도 이전…""필요한 만큼 생산""4. 완치자도 또 걸린다…""남아공 변이, 항체 무력화""5. '선교회 영어캠프' 집단감염…""거리두기 지속""이학수 기자(tchain@mbc.co.kr)[저작권자(c) MBC (https://imnews.imbc.com) 무단복제-재배포 금지]▶ 네이버 홈에서 [MBC뉴스] 채널 구독하기▶ 새로움을 탐험하다. ""엠빅뉴스""▶ [M라운지] 편안한데 찰진 수다의 공간Copyright(c) Since 1996, MBC&iMBC All rights reserved.
	
",297
20210121,MBC,5,/main/ranking/read.nhn?mode=LSD&mid=shm&sid1=001&oid=214&aid=0001094502&rankingType=RANKING,"문 대통령, 바이든 취임 축하…""미국이 돌아왔다""",,"




문재인 대통령은 ""미국이 돌아왔다""면서 ""미국의 새로운 시작은 민주주의를 더욱 위대하게 만들 것""이라고 조 바이든 대통령의 취임을 축하했습니다.문 대통령은 오늘 오전 SNS에 올린 메시지에서 이같이 밝히고, ""'하나 된 미국'을 향한 여정을 우리 국민들과 함께 성원한다""고 밝혔습니다.이어 ""한국은 자유를 향한 미국의 길을 항상 신뢰하며, 굳건한 동맹으로서 한반도와 역내 평화와 번영을 위해 함께하겠다""고 강조했습니다.특히 보건 안보 경제 기후변화 등 글로벌 현안의 공조를 통해 한미동맹이 더욱 강화될 거라는 기대감도 감추지 않았습니다.문 대통령은 ""미국은 반드시 '더 위대한 재건'으로 세계를 놀라게 할 거""라며 ""바이든 정부 출발에 한국도 동행한다""고 덧붙였습니다.조국현 기자(jojo@mbc.co.kr)[저작권자(c) MBC (https://imnews.imbc.com) 무단복제-재배포 금지]▶ 네이버 홈에서 [MBC뉴스] 채널 구독하기▶ 새로움을 탐험하다. ""엠빅뉴스""▶ [M라운지] 편안한데 찰진 수다의 공간Copyright(c) Since 1996, MBC&iMBC All rights reserved.
	
",291
20210121,MBC,6,/main/ranking/read.nhn?mode=LSD&mid=shm&sid1=001&oid=214&aid=0001094600&rankingType=RANKING,"조은희, 서울시장 출마 선언…""승리신화 다시 쓰겠다""",,"




조은희 서초구청장 [자료사진]국민의힘 소속 조은희 서초구청장이 오는 4월 서울시장 보궐선거 출마를 선언했습니다.조 구청장은 출마선언문을 통해 ""2018년 지방선거에서 민주당 폭풍을 뚫고 홀로 야권의 희망을 밝혔다""며 ""1대 24 승리 신화를 다시 쓰겠다""고 밝혔습니다.경쟁자인 국민의당 안철수 대표와 오세훈 전 서울시장, 나경원 전 의원을 향해서는 ""10년 전 그때 그 사람들이 또 나왔다""며 ""서울시민에게 원죄가 있는 패배자가 아니라, 문재인 정부와 싸워 이겨본 사람이 이긴다""고 말했습니다.조 구청장은 서울 25개 자치구 중 유일한 야당 소속 구청장으로, 오세훈 시장 재임 시절 정무부시장을 지냈습니다.이기주 기자(kijulee@mbc.co.kr)[저작권자(c) MBC (https://imnews.imbc.com) 무단복제-재배포 금지]▶ 네이버 홈에서 [MBC뉴스] 채널 구독하기▶ 새로움을 탐험하다. ""엠빅뉴스""▶ [M라운지] 편안한데 찰진 수다의 공간Copyright(c) Since 1996, MBC&iMBC All rights reserved.
	
",289
20210121,MBC,7,/main/ranking/read.nhn?mode=LSD&mid=shm&sid1=001&oid=214&aid=0001094534&rankingType=RANKING,"안철수 ""공매도 재개는 자본시장의 독…무기한 연기해야""",,"




국민의당 안철수 대표가 ""공매도 재개는 자본시장의 독""이라며 ""공매도 재개를 무기한 연기해야 한다""고 주장했습니다.안 대표는 오늘 국회에서 열린 최고위원회의에서 ""공매도 거래는 외국인과 기관이 전체의 98%를 차지하는 기울어진 운동장이고, 시장 왜곡 가능성도 크다""며 이같이 말했습니다.이어 ""주식을 빌리지 않은 상태에서 진행하는 이른바 '무차입 공매도'가 불법이지만 여전히 관행적으로 이루어지고 있다""며 ""불법 공매도를 제도적으로 방지하고 감시할 수 있는 시스템이 구축되지 않은 것도 문제""라고 지적했습니다.안 대표는 ""선거가 다가와서 혹은 정부 지지율이 떨어져서 3개월, 6개월씩 공매도 금지를 연장하는 것은 비겁한 행정""이라며 ""섣부른 공매도 재개는 절망한 국민들에게 더 큰 절망을 안길 수 있다""고 경고했습니다.이기주 기자(kijulee@mbc.co.kr)[저작권자(c) MBC (https://imnews.imbc.com) 무단복제-재배포 금지]▶ 네이버 홈에서 [MBC뉴스] 채널 구독하기▶ 새로움을 탐험하다. ""엠빅뉴스""▶ [M라운지] 편안한데 찰진 수다의 공간Copyright(c) Since 1996, MBC&iMBC All rights reserved.
	
",232
20210121,MBC,8,/main/ranking/read.nhn?mode=LSD&mid=shm&sid1=001&oid=214&aid=0001094484&rankingType=RANKING,"전 경기도민에 10만 원…""지급 시기는 고민""",,"



동영상 뉴스




	
	[뉴스투데이]◀ 앵커 ▶이재명 경기도 지사가 1400만 도민 모두에게 10만 원의 재난기본소득을 지원하기로 했습니다.다만 지급 시기는 방역 상황을 지켜보며 신중하게 결정하겠다고 밝혔습니다.고은상 기자입니다.◀ 리포트 ▶지난 4월에 이어 경기도가 도민 전체에게 보편적으로 지급하는 2차 재난기본소득 지원을 확정 발표했습니다. 지원금은 1인당 10만원, 3개월 간 사용할 수 있으며, 지역화폐 카드나 신용카드 등을 통해 쓸 수 있습니다.[이재명/경기도지사]""경기도는 소득지원의 형평성을 확보하고 재정집행에 효율성 제고를 위해서 전 도민에게 공평하게 지역화폐로 재난지원금을 지급하기로 했습니다.""지난 1차 때 해당되지 않았던 외국인과 재외동포 58만명도 포함됐습니다.재난기본소득 홈페이지나 주민센터 등에 신청하면 되고, 거주하는 시군내 학원과 약국, 식당 등 지역화폐 가맹점에서 쓸 수 있는데, 대형 마트나 백화점, 유흥업소 등은 제외됩니다.다만 지급 시기는 못박지 않았습니다.당초 방침은 다음달 12일 설 전 지급이었는데, 방역 상황에 맞춰달라는 더불어민주당의 권고를 받아들인 겁니다. 지역 상인들은 금액에 대해 일부 부족하다는 의견도 있지만 대체로는 반기는 분위기였습니다.[한동철/경기도 전통시장 상인]""나온다는 거 자체만으로도 국민들은 기분이 좋아요. 그리고 (소비) 활성화는 분명히 됩니다. 10만 원이라도.""경기도는 이번에 필요한 재원 1조 4천억원은 이미 책정돼 있던 예산으로 사용해  추가적인 지방채 발행은 없다고 설명했습니다. MBC뉴스 고은상입니다. MBC뉴스는 24시간 여러분의 제보를 기다립니다.▷ 전화 02-784-4000▷ 이메일 mbcjebo@mbc.co.kr▷ 카카오톡 @mbc제보고은상 기자(gotostorm@mbc.co.kr)[저작권자(c) MBC (https://imnews.imbc.com) 무단복제-재배포 금지]▶ 네이버 홈에서 [MBC뉴스] 채널 구독하기▶ 새로움을 탐험하다. ""엠빅뉴스""▶ [M라운지] 편안한데 찰진 수다의 공간Copyright(c) Since 1996, MBC&iMBC All rights reserved.
	
",176
20210121,MBC,9,/main/ranking/read.nhn?mode=LSD&mid=shm&sid1=001&oid=214&aid=0001094429&rankingType=RANKING,"[제보는 MBC] 갈비뼈 4개 부러졌는데…경찰 ""때리지 않았다""?",,"



동영상 뉴스




	
	[뉴스데스크]◀ 앵커 ▶제보는 MBC입니다.한 남성이 술에 취해 길 위에 누워 있다 경찰에 체포되는 과정에서 주먹으로 맞는 사건이 발생했는데 억울하다면서 도움을 청해 왔습니다.이 폭행으로 갈비뼈가 4개나 부러졌는데 영상 속의 경찰은 이 동작이 때리는 게 아니라고 주장합니다.이 사건을 수사한 경찰 역시 해당 경찰에 폭행 혐의가 없다고 결론 냈습니다.임상재 기자가 취재했습니다.◀ 리포트 ▶새벽 시간, 서울 사당역 주변 인도.술에 취해 누워있는 30대 남성 김 모 씨에게 경찰관 두 명이 다가갑니다.경찰들이 일으켜 세우며 손전등을 비추자, 김 씨가 놀랐는지 발길질을 합니다.서로 거리를 두고 잠시 실랑이를 벌이다, 뒤에 있던 다른 경찰관이 나서, 김 씨를 넘어뜨립니다. 그런데 엎드린 김 씨에게 수갑을 채우던 순간, 갑자기 경찰 한 명이 옆구리를 오른손 주먹으로 빠르게 가격합니다.정확히 10대입니다.이곳에서 누워 있던 김 씨를 발견한 경찰은 40미터가량 실랑이를 벌이다 이곳에서 김 씨를 제압했습니다.공무집행 방해로 그 자리에서 체포된 김 씨는 몇 걸음 걷지 못하고 주저앉았습니다. 그러자 또 다른 경찰이 출동해 아예 두 다리를 들어 옮깁니다. [김 모 씨] ""'못 걷겠다. 너무 아프다' (호소했지만), 그냥 짐짝 들듯이 양발을 잡고 일으켜서 지구대로 데려간 거거든요.""뒤늦게야 병원에 가보니 갈비뼈가 4개나 부러진 상태.주먹을 쓴 경찰관은 태권도 4단이었습니다. 김 씨는 처음에 경찰인 걸 못 알아보고 저항했다고 설명합니다.[김 모 씨]""순간적으로 '큰일 났다. (괴한이) 나 납치하나? 나한테 해코지하나?' (손전등 불빛 때문에) 아무것도 안 보이니까…""흉기도 없었고 꼼짝을 못한 상태였는데도 폭행을 당한 건 가혹하다는 입장.""제가 엎드려서 경찰관이 저를 '헤드록'처럼 목을 감싸고 있고, 저는 팔이 꺾였고 움직일 수조차도 없는…""공무집행 방해 혐의로 기소된 김 씨의 재판에서 판사조차 ""저항이 없는 사람을 저렇게 때려도 되냐""며 의아해한 사건.하지만 그 경찰관은 아예 때린 적이 없다고 부인했습니다.경찰관은 ""김 씨가 수갑을 채우려는 자신의 손을 잡아, 손을 빼려고 한 것이지 때린 게 아니""라고 주장했습니다.김 씨는 벌금 2백만 원을 선고받고 직장에서도 징계를 받았습니다.하지만 김 씨가 고소한 경찰관 2명에 대한 경찰의 수사 결과는 '혐의 없음'이었습니다.경찰은 그 이유를 김 씨에게 설명하지 않았고, 사건을 넘겨받은 검찰은 1년 반이 넘도록 시간만 끌고 있습니다. ""'열 대 때린 거 그럴 수도 있지'라고 혹시나 그렇게 생각하는 건가? 그런 게 너무 억울한 거예요.""MBC뉴스 임상재입니다.(영상취재 : 윤병순 / 영상편집 : 문명배)MBC 뉴스는 24시간 여러분의 제보를 기다립니다. ▷ 전화 02-784-4000▷ 이메일 mbcjebo@mbc.co.kr▷ 카카오톡 @mbc제보임상재 기자(limsj@mbc.co.kr)[저작권자(c) MBC (https://imnews.imbc.com) 무단복제-재배포 금지]▶ 네이버 홈에서 [MBC뉴스] 채널 구독하기▶ 새로움을 탐험하다. ""엠빅뉴스""▶ [M라운지] 편안한데 찰진 수다의 공간Copyright(c) Since 1996, MBC&iMBC All rights reserved.
	
",145
20210121,MBC,10,/main/ranking/read.nhn?mode=LSD&mid=shm&sid1=001&oid=214&aid=0001094704&rankingType=RANKING,"[바로간다] 20kg 쌀포대 멘 학생들…""승강기 타려면 변호사 통해라""",,"



동영상 뉴스




	
	[뉴스데스크]◀ 기자 ▶바로 간다, 인권사회팀 윤상문 기자입니다.전·현직 외교관들이 만든 외교협회가 자신의 건물에 세를 든 대안학교 학생들을 상대로 갑질을 하고 있다는 논란이 일고 있습니다.국가를 대표했던 외교관 출신 어른들에게 어린 학생들이 요구하는 건 '엘리베이터를 탈 수 있게 해달라'는 겁니다.공익기관인 이 외교협회의 행동이 과연 공익적인지 따져보러 바로 가보겠습니다.◀ 리포트 ▶서울 사당역 인근 한적한 공원 주변. 전·현직 외교관들이 공익 목적으로 운영하는 한국외교협회의 건물이 있습니다.한 대안학교가 2019년 초부터 이 건물 3층과 4층을 임대해 쓰고 있습니다.초등학교 저학년부터 20대 초반까지 70여 명의 교실과 기숙사 공간입니다.건물 관리 직원이 3층 엘리베이터 버튼을 드라이버로 돌리고 있습니다.낮 12시. 이날 허락된 시간은 여기까지였습니다.(지금 뭐 하시는 거예요?)""(사용시간이 낮) 12시까지라면서요.""(그래서 여기서 잠그시는 거예요?)""여기서도 잠그고…""중앙 출입문엔 학생과 교사는 얼씬도 하지 못하게 돼 있습니다.[문혜빈/숲나학교 학생]""저희는 (엘리베이터) 사용 못 하고 (외교협회) 이분들은 커피 들고 엘리베이터 사용하시고. '정문은 아예 들어오지 말라'(고 해요) 우리 학교 애들은.""기숙사에 짐이라도 나르려면 외교협회의 사전 허락을 받아야 합니다.그것도 변호사를 통해서만 가능하다는 주문.학교 측 변호사가 외교협회 변호사에게 매번 연락해 허락을 받아도 1층 사용은 금지입니다.지하 주차장에서 타라고 합니다.[문경환/숲나학교 교사]""지금까지 한 10번 정도 요청했던 것 같습니다. 엘리베이터 한 번 사용할 때마다 무슨 변호사를 통해서 우리가 승인을 받아야 되는지…""""하나, 둘, 셋.""20킬로그램짜리 쌀 포대를 옮기는 학생과 교직원들. 매끼 식자재도 힘겹게 계단으로 나릅니다.그나마 관리직원이 퇴근하는 오후 5시가 지나면 아예 쓸 수가 없습니다.[문경환/숲나학교 교사]""'(오후) 5시 이후엔 (엘리베이터 회사에 연락하면) 기사가 나와서 열어줄 거다. 그 대신에 30만 원씩 내야 될 거다'. 이런 이야기 듣고 너무 황당해 가지고…""""이곳은 학생들이 공부하는 도서관입니다. 이렇게 바로 앞에는 엘리베이터가 위치하고 있는데요. 정작 전원이 꺼져 있어서 학생들은 먼 길을 돌아서 와야 합니다.""처음부터 이랬던 건 아닙니다.지난해 초, '수익을 위해 기숙사 시설을 폐지 하겠다'는 공약을 낸 전직 주일대사가 새 협회장으로 취임하면서 달라졌습니다.한 달 만에 엘리베이터와 출입구, 2층 여자 화장실 사용이 금지됐습니다.3층 식당 역시 닫으라는 요구를 받았습니다.냄새가 난다는 게 이유였습니다. [주태용/숲나학교 교사]""도대체 왜 저러실까. 학생들이 더 많아지고 이런 게 너무 싫대요. 한 공간에 있는 게 너무 싫대요.""급기야 지난주엔 학생들이 운동장으로 쓰던 공간을 철문으로 막아버렸습니다. [서영준/숲나학교 학생]""이것(철문)까지 생기니까 더 답답한 느낌이 들더라고요. 어이도 없고.""참다못한 학생들이 엄동설한에 1인 시위에 나섰습니다. [문혜빈/숲나학교 학생]""화가 많이 났어요. 사람대우를 못 받는 것 같은 기분이고.""[심어진, 안수혁/숲나학교 학생]""외교관들이라고 해서 되게 멋있는 분들인 줄 알았는데 실망한 부분이…""회장을 포함해 임원 6명 중 5명이 전직 대사인 외교협회가 왜 이렇게까지 하는지 묻기 위해 직접 찾아가봤습니다.[한국외교협회 사무총장]""나가세요. 업무방해 됩니다.""답변을 거부하던 협회 측은 홈페이지에 입장을 올렸습니다.""학교 측이 건물을 무질서하게 사용했고 계약 때보다 학생 수도 늘었다""면서, ""코로나로 60-70대 회원들이 아이들과 한 공간에 있는 것이 위험해 내린 조치""라는 주장.그러면서 ""애초 엘리베이터와 본관 통로, 운동장 등은 계약에 포함돼 있지 않았고, 변호사를 통해 법적으로 해결 하겠다""고 밝혔습니다.[이종업/변호사]""엘리베이터가 정작 필요한 건 3층이잖아요. (못 쓰게 하려면) 임대차 계약에서 엘리베이터를 사용하지 않는다는 별도의 특약이 있어야 합니다.""계약 기간은 아직 3년 더 남았습니다.학생들은 노련한 어른들의 '고사 작전'이 아닌지 의심하고 있습니다.알아서 포기하게 만드려는 것 같다는 겁니다.[서영준/숲나학교 학생]""저희 입장에서는 여전히 이해가 안 가고, 저희가 이렇게 해서라도 되찾아야 한다고 생각합니다.""바로 간다 윤상문입니다. (영상취재: 윤병순 / 영상편집: 문명배)MBC 뉴스는 24시간 여러분의 제보를 기다립니다. ▷ 전화 02-784-4000▷ 이메일 mbcjebo@mbc.co.kr▷ 카카오톡 @mbc제보윤상문 기자(sangmoon@mbc.co.kr)[저작권자(c) MBC (https://imnews.imbc.com) 무단복제-재배포 금지]▶ 네이버 홈에서 [MBC뉴스] 채널 구독하기▶ 새로움을 탐험하다. ""엠빅뉴스""▶ [M라운지] 편안한데 찰진 수다의 공간Copyright(c) Since 1996, MBC&iMBC All rights reserved.
	
",130
20210121,MBC,11,/main/ranking/read.nhn?mode=LSD&mid=shm&sid1=001&oid=214&aid=0001094694&rankingType=RANKING,"'선교회 영어캠프' 집단감염…""거리두기 지속""",,"



동영상 뉴스




	
	[뉴스데스크]◀ 앵커 ▶이번 주 들어서 국내 신규 확진자는 4백 명 안팎을 오가고 있습니다.확산세가 잡히긴 했지만 확실한 감소세로 볼 수도 없습니다.정부는 3차 유행이 결코 끝난 게 아니라면서 행여, 방역의 경계심이 풀어지는 건 아닌지, 경계하고 있습니다.김아영 기자입니다.◀ 리포트 ▶서울 강남구의 한 상가건물 안 '영어캠프'에 다니던 수강생이 지난 17일 첫 확진된 뒤 다른 학원생과 원생의 가족 등 15명이 추가 확진됐습니다. 해당 영어캠프는 정식 어학원이 아닌 선교회에서 운영하는 시설로, 책상마다 가림막을 설치하고, 1m 이상 거리도 유지했지만, 장시간 수업이 진행된 것으로 조사됐습니다.[박유미/서울시 시민건강국장]""교사 1명과 수강생 4명이 6시간 동안 장기간 수업을 진행하고 일부 학생은 1대 1 학습을 한 것으로…""가족모임을 고리로 한 집단 감염도 발생했습니다. 경기도 시흥시에 사는 가족이 지난 16일부터 이틀간 전남 순천에서 열린 가족 모임에 참석했는데, 경남 거제, 순천, 광양 등 각지에서 모두 17명이 모였다가 11명이 확진 판정을 받았습니다.방역당국은 '5인 이상 사적모임 금지' 행정명령을 어겼는지 여부를 파악해 위반 시 과태료를 부과할 예정입니다.[신종우/경남도청 복지보건국장]""(경남)도내 일가족 5명이 다른 시도에 사는 부모님을 방문했다가 확진되는 사례가 발생했습니다. 지금은 코로나 위험에 노출시키지 않는 것이 효도하는 길입니다.""코로나19 신규 확진자 수는 401명, 이번 주 내내 4백 명 선을 오르내리고 있습니다.권덕철 보건복지부 장관은 집단감염과 생활속 개인 간 접촉에 의한 감염이 올해에도 계속될 것으로 보인다며 백신 접종으로 국민 다수가 면역을 갖게 되더라도 사회적 거리두기는 지속 돼야 한다고 밝혔습니다.[권덕철/보건복지부 장관]""백신과 치료제, 방역과 3박자를 잘 전략을 구사해서 빠른 시간 내에 극복되고 일상 회복될 수 있도록…(노력하겠습니다.)""권 장관은 다만 거리두기에 따른 피로가 높아질 수 있다며 일률적인 방역보다 상황과 조건에 따른 정밀방역으로 가야 할 것이라고 강조했습니다. MBC뉴스 김아영입니다.(영상취재: 조윤기, 권혁용, 전승현 / 영상편집: 김가람)MBC 뉴스는 24시간 여러분의 제보를 기다립니다. ▷ 전화 02-784-4000▷ 이메일 mbcjebo@mbc.co.kr▷ 카카오톡 @mbc제보[연관기사]1. ""이 나라가 기재부 나라냐""…'방역 보상' 법제화 지시2. 매출의 70%? 최저임금 적용?…보상 기준 '고심'3. 노바백스 원천기술도 이전…""필요한 만큼 생산""4. 완치자도 또 걸린다…""남아공 변이, 항체 무력화""5. '선교회 영어캠프' 집단감염…""거리두기 지속""김아영 기자(aykim@mbc.co.kr)[저작권자(c) MBC (https://imnews.imbc.com) 무단복제-재배포 금지]▶ 네이버 홈에서 [MBC뉴스] 채널 구독하기▶ 새로움을 탐험하다. ""엠빅뉴스""▶ [M라운지] 편안한데 찰진 수다의 공간Copyright(c) Since 1996, MBC&iMBC All rights reserved.
	
",128
20210121,MBC,12,/main/ranking/read.nhn?mode=LSD&mid=shm&sid1=001&oid=214&aid=0001094415&rankingType=RANKING,"[단독] ""화이자 백신부터 온다""…보관·유통 준비 완료",,"



동영상 뉴스




	
	[뉴스데스크]◀ 앵커 ▶앞으로 가야 할 길은 멀지만 이 길에는 백신과 치료제가 함께 할 겁니다.다만 이 바이러스를 완전히 정복할지, 아니면 덜 위협받고 공존할지 아직, 장담하지는 못합니다.그래도 당장 반가운 소식이 들립니다.정세균 총리는 오늘 국제 백신 공급체인 코백스의 첫 물량이 다음 달 초에 들어올 가능성이 높고 MBC 취재 결과, 이때 들어오는 백신이 이미 미국과 유럽이 접종 하고 있는 화이자의 백신인 것으로 확인 됐습니다.이 얘기는 국내 첫 백신 접종은 당초 알려진 2월 말, 아스트라제네카가 아니라 2월 초나 중순 화이자 백신이 될 수 있다는 겁니다.박선하 기자가 단독 취재했습니다.◀ 리포트 ▶정세균 국무총리는 백신 공동구매기구 코백스 퍼실리티를 통해 정부가 확보한 1천만 명분 가운데 5만 명분이, 다음 달 초 먼저 들어올 수 있다고 밝혔습니다. [정세균 국무총리/ MBC 라디오 '김종배의 시선집중' 출연]""(코백스에서) '2월 초에 받을 수 있겠냐' 하는 연락이 와서 '받겠다' 그렇게 답변해놓고 지금 받을 준비를 하고 있습니다.""MBC 취재결과 처음 들어오는 코로나19 백신은 화이자사의 백신으로 확인됐습니다.정부 고위 관계자는 ""우리 정부가 코백스에서 받기로 한 백신은 화이자 백신""이라며 ""코벡스가 화이자와 뒤늦게 계약이 성사되면서 우리나라에 의사를 타진해 왔다""고 밝혔습니다.[기모란 교수/국립암센터(지난해 12월 22일)]""코백스에서 화이자를 먼저 확보하게 되면 우리가 먼저 받을 수도 있는 거예요. 왜냐면 쓸 수 있는 나라에 줘야 하니깐…저개발 국가에 줘봤자 (냉동유통체계가 없어서) 못쓰잖아요.""코백스가 이달 말 최종 확정을 해준다면 화이자 백신이 국내에 도입되는 첫 백신이 될 가능성이 높습니다. 접종도 일종의 긴급사용승인에 해당하는 '특례수입'을 적용하면 2월 초중순이면 가능해져 2월 말로 예정된 아스트라제네카 백신보다 먼저 이뤄질 수 있습니다.정부 당국자는 화이자 백신이 WHO의 긴급사용 승인을 받았는데, 이 심사에 식약처 전문가들이 함께 참여했다며 특례 적용 시 상당한 근거가 돼 절차가 빨라질 것이라고 설명했습니다.질병청 관계자는 ""초저온 냉동고 100개를 확보했고, 초저온 물류센터도 계약이 진행 중이라며 영하 70도 이하를 유지해야 하는 화이자 백신이 당장 들어와도  보관·유통엔 문제가 없다""고 밝혔습니다.다만 우선접종 대상을 누구로 할지, 접종을 몇 곳에서 진행할지는 이달 말쯤 결정해 발표할 계획입니다.이처럼 1분기에는 아스트라제네카, 2분기에는 얀센과 모더나, 3분기에는 화이자 백신이 순차적으로 도입돼 접종될 예정으로, 정부는 올해 11월쯤 전국민 집단면역 형성을 목표로 잡고 있습니다. 하지만 항체가 얼마나 형성될지 아직 확인할 수 없기 때문에 백신 접종이 시작되더라도 올해에는 거리두기와 마스크 착용을 계속해야 할 것이라고 전문가들은 강조합니다. MBC뉴스 박선하입니다.(영상편집 : 유다혜)MBC 뉴스는 24시간 여러분의 제보를 기다립니다. ▷ 전화 02-784-4000▷ 이메일 mbcjebo@mbc.co.kr▷ 카카오톡 @mbc제보[연관기사]1. 코로나 1년, 일상이 기적이었다2. 	가보지 않았던 365일의 기록…진정한 주역은 '우리'3. [단독] ""화이자 백신부터 온다""…보관·유통 준비 완료4. 고통·슬픔·헌신…방역 최전선의 목소리들5. 골프 회원권은 '2배'…고통의 시간도 '차별'6. 밥줄 잃은 219만 명…'약한 고리'부터 끊어졌다7. '노바백스' 기술도 이전…""공급 원활해질 것""박선하 기자(vividsun@mbc.co.kr)[저작권자(c) MBC (https://imnews.imbc.com) 무단복제-재배포 금지]▶ 네이버 홈에서 [MBC뉴스] 채널 구독하기▶ 새로움을 탐험하다. ""엠빅뉴스""▶ [M라운지] 편안한데 찰진 수다의 공간Copyright(c) Since 1996, MBC&iMBC All rights reserved.
	
",126
20210121,MBC,13,/main/ranking/read.nhn?mode=LSD&mid=shm&sid1=001&oid=214&aid=0001094440&rankingType=RANKING,국민의힘 '나경원 vs 오세훈'…안철수 '입당 거부',,"



동영상 뉴스




	
	[뉴스데스크]◀ 앵커 ▶야권은 열 명이 넘는 후보들이 서울시장 보궐선거에 출사표를 던지면서 상반된 모습을 보이고 있습니다.압축하면 나경원, 오세훈, 안철수 후보의 3파전으로 좁혀 집니다. 결국 야권 단일화가 핵심 변수인데,안철수 대표는 ""제1야당이 나와 싸우는 것 같다""면서, 오늘도 국민의 힘과 신경전을 벌였습니다.이기주 기자가 취재했습니다.◀ 리포트 ▶고 박원순 시장 시정 평가 토론회에 국민의힘 전현직 지도부와 서울시장 후보들이 총출동했습니다.국민의힘에서만 10명의 후보가 출마를 선언했는데, 사실상 오세훈, 나경원 두 사람의 2파전으로 압축되는 양상입니다.두 후보 간 경쟁은 이미 치열합니다. [나경원/국민의힘 전 의원]""오세훈 시장께서 그만두시고 안철수 후보가 박원순 후보의 손을 들어주고 나서 우리당의 누가 나가도 힘든 선거였습니다.""나 전 의원은 2011년 선거 패배의 책임을 거듭 강조하고 있고, 오 전 시장은 책임은 인정하면서도 경험을 내세우고 있습니다. [오세훈/전 서울시장]""제가 쌓았던 (서울시장) 경험과 경륜이 절대 어디 가는 것이 아니라고 생각을 하고요. 그 이후에 정말 담금질의 기간으로 생각을 하고 열심히 갈고 닦았습니다.""하지만 야권 대진표에 대한 관심은 준결승 격인 국민의힘 경선보다 결승전인 안철수, 금태섭 후보와의 단일화에 더 쏠리고 있습니다.국민의힘 경선에 참여하겠다는 회심의 제안을 김종인 위원장에게 단칼에 거절당한 안철수 대표는, 오늘 작심한 듯 ""제1야당이 나와 싸우는 것 같다""고 국민의힘을 비판했습니다.[안철수/국민의당 대표]""제1야당 경선 참여는 정말 큰 고민 끝에 한 결정입니다. 왜 그렇게 무리한 (입당) 요구를 하시는지 모르겠습니다.""공당의 대표로서 국민의힘 입당은 불가능하다고 재차 선을 그은 겁니다.  초반 흥행 몰이에는 성공하고 있지만, 서울시장 탈환을 노리는 야권으로선 단일화 실패에 따른 3자 구도 가능성에 대한 고민이 계속될 것으로 보입니다.MBC뉴스 이기주입니다.(영상취재: 이창순 이형빈 / 영상편집: 조기범)MBC 뉴스는 24시간 여러분의 제보를 기다립니다. ▷ 전화 02-784-4000▷ 이메일 mbcjebo@mbc.co.kr▷ 카카오톡 @mbc제보이기주 기자(kijulee@mbc.co.kr)[저작권자(c) MBC (https://imnews.imbc.com) 무단복제-재배포 금지]▶ 네이버 홈에서 [MBC뉴스] 채널 구독하기▶ 새로움을 탐험하다. ""엠빅뉴스""▶ [M라운지] 편안한데 찰진 수다의 공간Copyright(c) Since 1996, MBC&iMBC All rights reserved.
	
",116
20210121,MBC,14,/main/ranking/read.nhn?mode=LSD&mid=shm&sid1=001&oid=214&aid=0001094655&rankingType=RANKING,고위공직자범죄수사처 오늘 공식 출범,,"



동영상 뉴스




	
	[5시뉴스]◀ 앵커 ▶고위공직자 범죄수사처가 오늘 공식적으로 문을 열었습니다. 김진욱 초대 공수처장 후보자는 오늘 문재인 대통령의 임명장을 받은 뒤 본격적인 3년의 임기를 시작했습니다. 김정인 기자입니다.◀ 리포트 ▶고위공직자 범죄수사처가 오늘 공식적으로 출범했습니다. 문재인 대통령은 오늘 김진욱 헌법재판소 선임연구관을 초대 공수처장으로 임명했습니다. 김진욱 신임 처장은 곧바로 공수처 현판식을 갖고, 3년 임기를 시작했습니다. 지난 1996년 참여연대가 고위공직자의 부패를 전담수사하는 대통령 직속 기구를 제안한 지, 25년 만입니다.[김진욱/고위공직자 범죄수사처장]""지금 25년된 과제가, 이제 정식으로 실행이 시작됨으로써 제가 역사적인 책임감을 느낍니다.""공수처는 전·현직 대통령과 국회의원, 판·검사 등 3급 이상의 고위 공직자와 그 가족들의 부패범죄를 수사하게 됩니다. 압수수색이나 구속에 필요한 영장을 법원에 직접 청구할 수 있고, 또, 사건을 재판에 넘기는 기소권도 가지면서, 70여년간 유지됐던 검찰의 기소 독점 체제가 허물어지게 됐습니다.가장 큰 관심사인 공수처의 첫 수사대상에 대해선, 김 처장은 예단하기 힘들다고만 밝혔습니다. [김진욱/고위공직자 범죄수사처장]""지금 시점하고 두 달 후가 수사의 진행 정도나 다르기 때문에… 그건 그때 판단하는 게 맞고, 지금 예단할 수 없습니다. 제가 그래서 모든 가능성을 열어두겠다 이렇게 말씀 드린 거고요…""공수처는 처장과 차장, 검사 25명, 수사관 40명, 행정직원 20명으로 구성되며, 김 처장은 일단 다음주 차장 후보를 대통령에게 제청할 계획입니다.공수처는 인적 구성과 체제 정비를 마무리한 뒤, 본격적인 수사를 오는 3월 정도 시작할 걸로 전망됩니다.MBC뉴스 김정인입니다.MBC 뉴스는 24시간 여러분의 제보를 기다립니다. ▷ 전화 02-784-4000▷ 이메일 mbcjebo@mbc.co.kr▷ 카카오톡 @mbc제보김정인 기자(tigerji@mbc.co.kr)[저작권자(c) MBC (https://imnews.imbc.com) 무단복제-재배포 금지]▶ 네이버 홈에서 [MBC뉴스] 채널 구독하기▶ 새로움을 탐험하다. ""엠빅뉴스""▶ [M라운지] 편안한데 찰진 수다의 공간Copyright(c) Since 1996, MBC&iMBC All rights reserved.
	
",97
20210121,MBC,15,/main/ranking/read.nhn?mode=LSD&mid=shm&sid1=001&oid=214&aid=0001094477&rankingType=RANKING,"""2천만 명분 추가 확보""…백신 기술도 이전",,"



동영상 뉴스




	
	[뉴스투데이]◀ 앵커 ▶우리나라가 노바백스 백신 2천만 명분을 추가로 확보할 가능성이 높아졌습니다.수입이 아니라 기술 이전을 통해 국내 자체 생산으로 공급될 걸로 보이는데, 이를 위해 문재인 대통령이 노바백스 대표와 직접 영상회의를 가졌습니다.손병산 기자입니다.◀ 리포트 ▶코로나 발생 1년, 문재인 대통령이 찾은 곳은 글로벌 제약사들의 백신을 위탁 생산하는 국내 업체였습니다.이 업체는 단순 위탁 생산만 아니라, 현재 노바백스측과 기술이전까지 받는 협상을 벌이고 있습니다.""직접 생산해서 국내 공급이 되니까 훨씬 더 공급이 원활하게 되겠습니다.""이 협상을 지원하기 위해 문 대통령은 노바백스 대표와 화상 회의를 가졌습니다. 비공개로 이뤄진 회의에서 노바백스 대표가 ""협약이 잘 진행중""이라고 설명하자 문 대통령은 ""기술이전 계약이 신속히 완료되기를 기대한다"" ""적극적으로 행정적 지원을 하겠다""고 독려했습니다. 기술이전 계약이 이달 말 성사되면 2천만명 분의 노바백스 백신을 빠르면 5월부터 추가 확보할 수 있다는 게 청와대 설명입니다.백신 물량을 총 7천 6백만명 분까지 안정적으로 확보하는 건 물론, 백신 자체 개발에도 기여할 걸로 기대됩니다""기술이전까지 받는 특별한 의미가 있습니다. 백신의 지속적이고 공평한 보급을 확보하고, 우리 백신 개발을 앞당기는 데도 큰 역할을 할 것입니다.""문 대통령은 코로나가 단기간 퇴치되지 않는 상황까지 감안해 백신 주권을 확보해야 한다며 내년엔 국산 백신으로 접종할 수 있을 것이라고 내다봤습니다.코로나 1년, 문 대통령은 500번째 코로나 보고서를 받았다며, 다른 나라들과 정반대의 확진자 그래프를 그리는 건, 우리 국민의 자랑스런 저력이라고 소회를 밝혔습니다.MBC뉴스 손병산입니다.MBC뉴스는 24시간 여러분의 제보를 기다립니다.▷ 전화 02-784-4000▷ 이메일 mbcjebo@mbc.co.kr▷ 카카오톡 @mbc제보손병산 기자(san@mbc.co.kr)[저작권자(c) MBC (https://imnews.imbc.com) 무단복제-재배포 금지]▶ 네이버 홈에서 [MBC뉴스] 채널 구독하기▶ 새로움을 탐험하다. ""엠빅뉴스""▶ [M라운지] 편안한데 찰진 수다의 공간Copyright(c) Since 1996, MBC&iMBC All rights reserved.
	
",89
20210121,MBC,16,/main/ranking/read.nhn?mode=LSD&mid=shm&sid1=001&oid=214&aid=0001094607&rankingType=RANKING,"신규 확진 401명…""경계심 풀리고 있어 우려""",,"



동영상 뉴스




	
	[뉴스외전]◀ 앵커 ▶오늘 코로나19 확진자는 4백1명, 이번주 들어 계속 4백명 선을 오르내리고 있습니다.확산세는 잡았지만, 확실한 감소세로는 이어지지 않고 있어, 방역 당국이 조금만 더 경계심을 이어가 달라고 당부했습니다.전동혁 기자입니다.◀ 리포트 ▶ 중앙방역대책본부는 오늘 0시 기준 코로나19 신규 확진자는 401명으로 누적 확진자는 73,918명을 기록했다고 밝혔습니다.신규 확진자 수는 지난 18일 389명을 기록한 뒤 나흘 연속 4백명 선을 오르내리고 있습니다.신규 확진자 가운데 국내 발생 사례는 380명, 해외 유입 사례는 21명입니다.국내 사례는 지역별로 서울 122명, 경기 113명, 인천 22명 등 수도권에서 257명이 발생했고, 부산 19명, 경남 15명, 전남 14명, 충남 10명 등 지역에서도 1백명이 넘는 신규 확진 사례가 나왔습니다.수도권은 기존 요양시설과 직장의 집단감염 규모가 계속 커지는 가운데, 충남 서천군의 한 교회에선 지난 15일 첫 확진자 발생 이후 6명이 추가 확진돼 7명의 집단감염이 새로 발생했고, 세종시의 한 음악학원에서도 지난 14일 첫 확진자 발생 이후 10명이 추가 확진돼 모두 11명의 새로운 집단감염이 추가됐습니다.방역 당국은 이달 들어 신규 확진자 수가 완만한 감소세를 보이고 있지만, 지난해 11월부터 꾸준히 감소하던 사람들의 이동량이 지난 주말 수도권은 13%, 비수도권은 20% 증가하는 등 경계심이 풀리고 있다며 우려했습니다.방역 당국은 최근 2주간 확진자와 개별적으로 접촉해 전염된 사례가 43.8%로 가장 많았다며 방심할 경우 언제든 다시 증가세로 돌아갈 수 있다고 경고했습니다.MBC뉴스 전동혁입니다.MBC 뉴스는 24시간 여러분의 제보를 기다립니다. ▷ 전화 02-784-4000▷ 이메일 mbcjebo@mbc.co.kr▷ 카카오톡 @mbc제보전동혁 기자(dhj@mbc.co.kr)[저작권자(c) MBC (https://imnews.imbc.com) 무단복제-재배포 금지]▶ 네이버 홈에서 [MBC뉴스] 채널 구독하기▶ 새로움을 탐험하다. ""엠빅뉴스""▶ [M라운지] 편안한데 찰진 수다의 공간Copyright(c) Since 1996, MBC&iMBC All rights reserved.
	
",84
20210121,MBC,17,/main/ranking/read.nhn?mode=LSD&mid=shm&sid1=001&oid=214&aid=0001094612&rankingType=RANKING,수도권 아파트값 주간상승률 역대 최고…서울도 상승폭 확대,,"




자료사진정부의 공급대책 발표를 앞두고 수도권 아파트값 주간 상승률이 2012년 통계작성 이래 최고치를 기록했습니다. 한국부동산원에 따르면 전국 아파트값 상승률은 지난주 0.25%에서 이번 주 0.29%로 오름폭이 커졌습니다. 특히 수도권 아파트값이 0.31% 올라 부동산원 통계로는 사상 최고치를 나타냈고, 지난달 규제지역 대거 지정으로 상승세가 주춤했던 지방은 0.26% 올라 상승폭이 다시 확대됐습니다. 서울도 강남 재건축 아파트 위주로 매수세가 몰리면서 이번 주 0.09% 상승해 새해 들어 2주째 오름폭을 키웠습니다. 김진유 경기대 도시교통공학과 교수는 ""전국적으로 전세난을 견디지 못한 세입자들이 계속 주택 매수에 나서면서 집값 상승세가 꺾이지 않고 있고, 특히 서울의 경우 정부의 도심 개발 방침에 따라 재건축·재개발에 대한 기대심리도 나타나고 있다""고 분석했습니다. 이번 주 전국 전셋값은 0.24% 올라 72주째 상승세를 이어갔고 서울 전셋값은 0.13% 뛰어 82주 연속 상승세를 지속했습니다.이준희 기자(letswin@mbc.co.kr)[저작권자(c) MBC (https://imnews.imbc.com) 무단복제-재배포 금지]▶ 네이버 홈에서 [MBC뉴스] 채널 구독하기▶ 새로움을 탐험하다. ""엠빅뉴스""▶ [M라운지] 편안한데 찰진 수다의 공간Copyright(c) Since 1996, MBC&iMBC All rights reserved.
	
",82
20210121,MBC,18,/main/ranking/read.nhn?mode=LSD&mid=shm&sid1=001&oid=214&aid=0001094696&rankingType=RANKING,"""출국 금지 안 했다면 오히려 직무유기""…2년 만에 왜?",,"



동영상 뉴스




	
	[뉴스데스크]◀ 앵커 ▶그런데 김학의 사건의 본질은 당시, 긴급하게 내려진 출국 금지 덕에 도망을 막았고 그는 결국, 지금 실형을 살고 있다는 겁니다.그런데, 검찰은 지금 당시 출국 금지에 문제가 있다면서 수사에 나선 건데요.그 때 출금을 안 했다면 오히려 직무 유기였다는 지적까지 나오는 상황에서 검찰은 2년이 지난 지금 왜 이걸 문제 삼는 건지, 석연치 않은 수사 배경을 강연섭 기자가 지적합니다.◀ 리포트 ▶ 2년 전 출국이 좌절된 김학의 전 법무차관 역시 출국금지 절차를 문제삼았습니다.과거사진상조사단은 정식 수사기관이 아니어서 조사단 파견 검사는 출국금지를 요청할 자격이 없다는 주장입니다.이번 공익신고자 역시 같은 점을 지적하자, 법무부는 ""검사 한명 한명이 법적 수사기관이라 권한이 있다""고 맞받았습니다.또 김학의 전 차관을 출국금지 대상으로 볼 수 있었냐는 논란도 분분합니다.공익신고자는 당시 김 전 차관이 정식 입건된 피의자 신분이 아니어서, 출국금지 대상도 안 된다고 주장하는데, 법무부는 ""피의자가 아니어도 장관이 직권으로 출국을 금지할 수 있고, 앞서 2013년 황교안 당시 장관도 직권으로 피의자가 아닌 아닌 참고인을 출국금지한 적 있다""고 해명했습니다.하지만 김 전 차관의 출국 시도 당시 박상기 장관이 직권으로 출국금지 조치를 한 게 아니었고, 더구나 검사가 허위 사건번호를 적어 절차를 진행했다는 지적은 피하기 어려워 보입니다.당시 출금 과정에 관여한 당사자들은 일부 절차상 문제에도 불구하고, 출국을 막은 건 불가피했다는 입장입니다.[정한중/검찰과거사위원장 대행(2019년 3월 25일)]""전직 고위 검사가 우리 위원회의 조사에 응하기는커녕 '심야 0시 출국'이라니요. 국민을 뭘로 보고 그러셨는지…""차규근 법무부 출입국본부장은 MBC와 통화에서 ""출국금지가 범죄자의 도피를 막으려는 건데, 김 전 차관이 중대한 범죄 혐의자가 아니었냐""며, ""오히려 출국하도록 두는 게 직무유기""라고 강조했습니다. ""민감한 수사 관련 기록들이 2년이나 지나서야 갑자기 공익신고 명목으로 유출됐다""며, ""오히려 기밀유출죄 고발을 검토하고 있다""고 밝혔습니다.당시 출국금지 과정에 관여했다는 의혹으로 수사대상으로 지목된 검찰 내 인사들은 대부분 추미애 장관의 측근으로 분류되는데, 검찰은 부장검사 2명을 포함한 검사 5명을 투입해 대대적인 수사에 나섰습니다.MBC뉴스 강연섭입니다. (영상취재: 방종혁 / 영상편집: 김정은)MBC 뉴스는 24시간 여러분의 제보를 기다립니다. ▷ 전화 02-784-4000▷ 이메일 mbcjebo@mbc.co.kr▷ 카카오톡 @mbc제보[연관기사]1. 검찰 '김학의 출국 금지' 법무부 압수수색2. ""출국 금지 안 했다면 오히려 직무유기""…2년 만에 왜?강연섭 기자(deepriver@mbc.co.kr)[저작권자(c) MBC (https://imnews.imbc.com) 무단복제-재배포 금지]▶ 네이버 홈에서 [MBC뉴스] 채널 구독하기▶ 새로움을 탐험하다. ""엠빅뉴스""▶ [M라운지] 편안한데 찰진 수다의 공간Copyright(c) Since 1996, MBC&iMBC All rights reserved.
	
",80
20210121,MBC,19,/main/ranking/read.nhn?mode=LSD&mid=shm&sid1=001&oid=214&aid=0001094483&rankingType=RANKING,'천정부지' 달걀 값…4년 만에 수입한다,,"



동영상 뉴스




	
	[뉴스투데이]◀ 앵커 ▶수입산 계란이 4년 만에 다시 우리 식탁에 오르게 됐습니다. 원하는 만큼 살 수 없을 정도로 물량이 달려서 가격이 특히 많이 올랐기 때문인데요, 또 계란 못지않게 비싸진 양파는 이미 수입산이 시장에 풀리기 시작했습니다. 설을 앞두고 사과와 소고기 같은 식품 공급 대책도 나왔습니다.김세진 기자입니다.◀ 리포트 ▶[뉴스데스크(2017.6.21)]""인천공항 하역장에 태국산 달걀 상자가 처음 도착했습니다.""지난 2017년.조류 인플루엔자 여파로 계란 한판 값이 최고 1만 원에 육박하자, 태국과 미국산 계란이 구원투수로 등장했습니다.그리고 4년 만에 다시, 정부가 수입 계란 카드를 꺼내 들었습니다.최근 계란 30개 들이 한판 값은 평균 6천5백 원대.1년 전에 비해 1천 원 넘게 올랐습니다.정부는 신선란을 포함해 8종류의 달걀 가공품 5만 톤의 관세를 없애, 급등하는 계란 값을 잡겠다는 계획입니다.[박병홍/농식품부 식품산업정책실장]""과거 2017년의 경우에는 할당관세(0%) 이후에 가격안정 효과가 있었다고 판단되고요. 금번의 경우에도 급격한 계란 가격 상승을 방지하는 효과는 있을 것으로…""정부는 또 계란 수입 전까지 급한 불을 끄기 위해, 대형마트 계란에 농축산물 쿠폰을 적용해 20% 할인된 가격에 판매하도록 했습니다.[마트 이용객]""부담감이 있어도 어쩔 수 없죠. 조금 용량(개수)이 작은 걸 썼다가 나중에 또 가격이 내려가면 그때 다시 (구입하려 합니다.)""설 성수품 공급 대책도 나왔습니다.정부는 ""사과와 배, 소고기와 돼지고기 값이 크게 올랐지만, 공급은 안정적""이라며, 10가지 설 성수품목의 공급을 1.4배 늘리겠다고 밝혔습니다. 또 가격이 60% 넘게 오른 양파의 경우, 지난달 작년보다 10배 많은 양파를 수입해 이번 주부터 풀기 시작했다며, 가격 추이를 본 뒤 추가 대책을 마련하겠다고 설명했습니다. MBC뉴스 김세진입니다.MBC 뉴스는 24시간 여러분의 제보를 기다립니다. ▷ 전화 02-784-4000▷ 이메일 mbcjebo@mbc.co.kr▷ 카카오톡 @mbc제보김세진 기자(blue32@mbc.co.kr)[저작권자(c) MBC (https://imnews.imbc.com) 무단복제-재배포 금지]▶ 네이버 홈에서 [MBC뉴스] 채널 구독하기▶ 새로움을 탐험하다. ""엠빅뉴스""▶ [M라운지] 편안한데 찰진 수다의 공간Copyright(c) Since 1996, MBC&iMBC All rights reserved.
	
",80
20210121,MBC,20,/main/ranking/read.nhn?mode=LSD&mid=shm&sid1=001&oid=214&aid=0001094555&rankingType=RANKING,"문 대통령, 김진욱 공수처장 임명안 재가",,"




문재인 대통령은 김진욱 고위공직자범죄수사처장 임명안을 재가했다고 강민석 청와대 대변인이 밝혔습니다.강 대변인은 기자들에게 보낸 공지를 통해 ""문 대통령이 오늘 오전 9시10분 김진욱 공수처장 임명안을 재가했다""고 밝혔습니다.김 처장의 임기는 오늘부터 시작됩니다.앞서 국회 법사위는 어제 전체회의를 열어 ""공수처장 직무를 중립적으로 수행하는 데 필요한 자질과 도덕성, 청렴성을 갖춘 것으로 판단된다""며 인사청문경과보고서를 채택했습니다.조국현 기자(jojo@mbc.co.kr)[저작권자(c) MBC (https://imnews.imbc.com) 무단복제-재배포 금지]▶ 네이버 홈에서 [MBC뉴스] 채널 구독하기▶ 새로움을 탐험하다. ""엠빅뉴스""▶ [M라운지] 편안한데 찰진 수다의 공간Copyright(c) Since 1996, MBC&iMBC All rights reserved.
	
",79
